2025-10-14 07:14:31,252 - Knowledge - INFO - Redis support added with prefix knowledge:b30548k:
2025-10-14 07:14:31,650 - Knowledge - INFO - load persisted knowledge: begin
2025-10-14 07:14:31,728 - Knowledge - INFO - load persisted knowledge: end
2025-10-14 07:14:31,836 - Knowledge - INFO - load persisted docinfo: begin
2025-10-14 07:14:31,939 - Knowledge - INFO - load persisted docinfo: end
2025-10-14 07:14:32,100 - Knowledge - INFO - worker kw1 created with dedicated MongoDB connection (total: 1)
2025-10-14 07:14:32,208 - Knowledge - INFO - knowledge worker kw1 start
2025-10-14 07:14:32,210 - Knowledge - INFO - worker kw2 created with dedicated MongoDB connection (total: 2)
2025-10-14 07:14:32,303 - Knowledge - INFO - worker kw1 pull /app/data/kaviademo4200/5555/b30548k/CRM-5555/src/test/java/pl/coderslab/CrmApplicationTests.java from ingest queue
2025-10-14 07:14:32,402 - Knowledge - INFO - knowledge worker kw2 start
2025-10-14 07:14:32,403 - Knowledge - INFO - worker kw3 created with dedicated MongoDB connection (total: 3)
2025-10-14 07:14:32,541 - Knowledge - INFO - process ingested knowledge for /app/data/kaviademo4200/5555/b30548k/CRM-5555/src/test/java/pl/coderslab/CrmApplicationTests.java
2025-10-14 07:14:32,618 - Knowledge - INFO - worker kw2 pull /app/data/kaviademo4200/5555/b30548k/CRM-5555/src/test/java/pl/coderslab/ClientResourceTest.java from ingest queue
2025-10-14 07:14:32,707 - Knowledge - INFO - knowledge worker kw3 start
2025-10-14 07:14:32,709 - Knowledge - INFO - worker kw4 created with dedicated MongoDB connection (total: 4)
2025-10-14 07:14:32,784 - Knowledge - INFO - Found code-base-name: https://github.com/kavia-common/CRM-5555.git:kavia-master
2025-10-14 07:14:32,907 - Knowledge - INFO - process ingested knowledge for /app/data/kaviademo4200/5555/b30548k/CRM-5555/src/test/java/pl/coderslab/ClientResourceTest.java
2025-10-14 07:14:32,971 - Knowledge - INFO - worker kw3 pull /app/data/kaviademo4200/5555/b30548k/CRM-5555/src/test/java/pl/coderslab/ContractServiceTest.java from ingest queue
2025-10-14 07:14:33,071 - Knowledge - INFO - knowledge worker kw4 start
2025-10-14 07:14:33,073 - Knowledge - INFO - worker kw5 created with dedicated MongoDB connection (total: 5)
2025-10-14 07:14:33,186 - Knowledge - INFO - Found code_base: <app.utils.kg_build.knowledge.KnowledgeCodeBase object at 0x7f2391739010>
2025-10-14 07:14:33,266 - Knowledge - INFO - Found code-base-name: https://github.com/kavia-common/CRM-5555.git:kavia-master
2025-10-14 07:14:33,409 - Knowledge - INFO - process ingested knowledge for /app/data/kaviademo4200/5555/b30548k/CRM-5555/src/test/java/pl/coderslab/ContractServiceTest.java
2025-10-14 07:14:33,472 - Knowledge - INFO - worker kw4 pull /app/data/kaviademo4200/5555/b30548k/CRM-5555/src/test/resources/Client.json from ingest queue
2025-10-14 07:14:33,588 - Knowledge - INFO - knowledge worker kw5 start
2025-10-14 07:14:33,592 - Knowledge - INFO - worker kw6 created with dedicated MongoDB connection (total: 6)
2025-10-14 07:14:33,679 - Knowledge - INFO - persist ingested knowledge for /app/data/kaviademo4200/5555/b30548k/CRM-5555/src/test/java/pl/coderslab/CrmApplicationTests.java
2025-10-14 07:14:33,800 - Knowledge - INFO - Found code_base: <app.utils.kg_build.knowledge.KnowledgeCodeBase object at 0x7f2391739010>
2025-10-14 07:14:33,913 - Knowledge - INFO - Found code-base-name: https://github.com/kavia-common/CRM-5555.git:kavia-master
2025-10-14 07:14:34,031 - Knowledge - INFO - process ingested knowledge for /app/data/kaviademo4200/5555/b30548k/CRM-5555/src/test/resources/Client.json
2025-10-14 07:14:34,084 - Knowledge - INFO - worker kw5 pull /app/data/kaviademo4200/5555/b30548k/CRM-5555/src/main/java/pl/coderslab/repository/OfficeRepository.java from ingest queue
2025-10-14 07:14:34,173 - Knowledge - INFO - knowledge worker kw6 start
2025-10-14 07:14:34,174 - Knowledge - INFO - worker kw7 created with dedicated MongoDB connection (total: 7)
2025-10-14 07:14:34,313 - Knowledge - INFO - adding /app/data/kaviademo4200/5555/b30548k/CRM-5555/src/test/java/pl/coderslab/CrmApplicationTests.java to ingest queue
2025-10-14 07:14:34,375 - Knowledge - INFO - persist ingested knowledge for /app/data/kaviademo4200/5555/b30548k/CRM-5555/src/test/java/pl/coderslab/ClientResourceTest.java
2025-10-14 07:14:34,457 - Knowledge - INFO - Found code_base: <app.utils.kg_build.knowledge.KnowledgeCodeBase object at 0x7f2391739010>
2025-10-14 07:14:34,691 - Knowledge - INFO - process ingested knowledge for /app/data/kaviademo4200/5555/b30548k/CRM-5555/src/main/java/pl/coderslab/repository/OfficeRepository.java
2025-10-14 07:14:34,863 - Knowledge - INFO - knowledge worker kw7 start
2025-10-14 07:14:34,865 - Knowledge - INFO - worker kw8 created with dedicated MongoDB connection (total: 8)
2025-10-14 07:14:34,954 - Knowledge - INFO - Found code-base-name: https://github.com/kavia-common/CRM-5555.git:kavia-master
2025-10-14 07:14:34,955 - Knowledge - INFO - worker kw6 pull /app/data/kaviademo4200/5555/b30548k/CRM-5555/src/main/java/pl/coderslab/repository/ReportRepository.java from ingest queue
2025-10-14 07:14:34,955 - Knowledge - INFO - worker kw1 pull /app/data/kaviademo4200/5555/b30548k/CRM-5555/src/main/java/pl/coderslab/repository/EventRepository.java from ingest queue
2025-10-14 07:14:35,086 - Knowledge - INFO - adding /app/data/kaviademo4200/5555/b30548k/CRM-5555/src/test/java/pl/coderslab/ClientResourceTest.java to ingest queue
2025-10-14 07:14:35,120 - Knowledge - INFO - persist ingested knowledge for /app/data/kaviademo4200/5555/b30548k/CRM-5555/src/test/java/pl/coderslab/ContractServiceTest.java
2025-10-14 07:14:35,431 - Knowledge - INFO - knowledge worker kw8 start
2025-10-14 07:14:35,432 - Knowledge - INFO - worker kw9 created with dedicated MongoDB connection (total: 9)
2025-10-14 07:14:35,538 - Knowledge - INFO - Found code_base: <app.utils.kg_build.knowledge.KnowledgeCodeBase object at 0x7f2391739010>
2025-10-14 07:14:35,660 - Knowledge - INFO - process ingested knowledge for /app/data/kaviademo4200/5555/b30548k/CRM-5555/src/main/java/pl/coderslab/repository/ReportRepository.java
2025-10-14 07:14:35,769 - Knowledge - INFO - process ingested knowledge for /app/data/kaviademo4200/5555/b30548k/CRM-5555/src/main/java/pl/coderslab/repository/EventRepository.java
2025-10-14 07:14:35,870 - Knowledge - INFO - Found code-base-name: https://github.com/kavia-common/CRM-5555.git:kavia-master
2025-10-14 07:14:35,870 - Knowledge - INFO - worker kw7 pull /app/data/kaviademo4200/5555/b30548k/CRM-5555/src/main/java/pl/coderslab/repository/RoleRepository.java from ingest queue
2025-10-14 07:14:35,871 - Knowledge - INFO - worker kw2 pull /app/data/kaviademo4200/5555/b30548k/CRM-5555/src/main/java/pl/coderslab/repository/AddressRepository.java from ingest queue
2025-10-14 07:14:35,991 - Knowledge - INFO - adding /app/data/kaviademo4200/5555/b30548k/CRM-5555/src/test/java/pl/coderslab/ContractServiceTest.java to ingest queue
2025-10-14 07:14:36,142 - Knowledge - INFO - knowledge worker kw9 start
2025-10-14 07:14:36,144 - Knowledge - INFO - worker kw10 created with dedicated MongoDB connection (total: 10)
2025-10-14 07:14:36,255 - Knowledge - INFO - persist ingested knowledge for /app/data/kaviademo4200/5555/b30548k/CRM-5555/src/test/resources/Client.json
2025-10-14 07:14:36,580 - Knowledge - INFO - Found code_base: <app.utils.kg_build.knowledge.KnowledgeCodeBase object at 0x7f2391739010>
2025-10-14 07:14:36,706 - Knowledge - INFO - process ingested knowledge for /app/data/kaviademo4200/5555/b30548k/CRM-5555/src/main/java/pl/coderslab/repository/RoleRepository.java
2025-10-14 07:14:36,787 - Knowledge - INFO - process ingested knowledge for /app/data/kaviademo4200/5555/b30548k/CRM-5555/src/main/java/pl/coderslab/repository/AddressRepository.java
2025-10-14 07:14:36,841 - Knowledge - INFO - worker kw8 pull /app/data/kaviademo4200/5555/b30548k/CRM-5555/src/main/java/pl/coderslab/repository/ContractRepository.java from ingest queue
2025-10-14 07:14:36,841 - Knowledge - INFO - Found code-base-name: https://github.com/kavia-common/CRM-5555.git:kavia-master
2025-10-14 07:14:36,843 - Knowledge - INFO - Found code-base-name: https://github.com/kavia-common/CRM-5555.git:kavia-master
2025-10-14 07:14:36,843 - Knowledge - INFO - worker kw3 pull /app/data/kaviademo4200/5555/b30548k/CRM-5555/src/main/java/pl/coderslab/repository/ContactPersonRepository.java from ingest queue
2025-10-14 07:14:36,954 - Knowledge - INFO - worker kw9 pull /app/data/kaviademo4200/5555/b30548k/CRM-5555/src/main/java/pl/coderslab/repository/CompanyRepository.java from ingest queue
2025-10-14 07:14:37,068 - Knowledge - INFO - knowledge worker kw10 start
2025-10-14 07:14:37,069 - Knowledge - INFO - worker kw11 created with dedicated MongoDB connection (total: 11)
2025-10-14 07:14:37,235 - Knowledge - INFO - adding /app/data/kaviademo4200/5555/b30548k/CRM-5555/src/test/resources/Client.json to ingest queue
2025-10-14 07:14:37,268 - Knowledge - INFO - persist ingested knowledge for /app/data/kaviademo4200/5555/b30548k/CRM-5555/src/main/java/pl/coderslab/repository/OfficeRepository.java
2025-10-14 07:14:37,566 - Knowledge - INFO - process ingested knowledge for /app/data/kaviademo4200/5555/b30548k/CRM-5555/src/main/java/pl/coderslab/repository/ContractRepository.java
2025-10-14 07:14:37,632 - Knowledge - INFO - Found code_base: <app.utils.kg_build.knowledge.KnowledgeCodeBase object at 0x7f2391739010>
2025-10-14 07:14:37,719 - Knowledge - INFO - Found code_base: <app.utils.kg_build.knowledge.KnowledgeCodeBase object at 0x7f2391739010>
2025-10-14 07:14:37,849 - Knowledge - INFO - process ingested knowledge for /app/data/kaviademo4200/5555/b30548k/CRM-5555/src/main/java/pl/coderslab/repository/ContactPersonRepository.java
2025-10-14 07:14:37,931 - Knowledge - INFO - process ingested knowledge for /app/data/kaviademo4200/5555/b30548k/CRM-5555/src/main/java/pl/coderslab/repository/CompanyRepository.java
2025-10-14 07:14:38,107 - Knowledge - INFO - knowledge worker kw11 start
2025-10-14 07:14:38,108 - Knowledge - INFO - worker kw12 created with dedicated MongoDB connection (total: 12)
2025-10-14 07:14:38,986 - Knowledge - INFO - knowledge worker kw12 start
2025-10-14 07:14:38,198 - Knowledge - INFO - Found code-base-name: https://github.com/kavia-common/CRM-5555.git:kavia-master
2025-10-14 07:14:38,198 - Knowledge - INFO - worker kw10 pull /app/data/kaviademo4200/5555/b30548k/CRM-5555/src/main/java/pl/coderslab/repository/NotificationRepository.java from ingest queue
2025-10-14 07:14:38,198 - Knowledge - INFO - worker kw4 pull /app/data/kaviademo4200/5555/b30548k/CRM-5555/src/main/java/pl/coderslab/repository/ClientRepository.java from ingest queue
2025-10-14 07:14:38,327 - Knowledge - INFO - adding /app/data/kaviademo4200/5555/b30548k/CRM-5555/src/main/java/pl/coderslab/repository/OfficeRepository.java to ingest queue
2025-10-14 07:14:38,481 - Knowledge - INFO - persist ingested knowledge for /app/data/kaviademo4200/5555/b30548k/CRM-5555/src/main/java/pl/coderslab/repository/ReportRepository.java
2025-10-14 07:14:38,563 - Knowledge - INFO - persist ingested knowledge for /app/data/kaviademo4200/5555/b30548k/CRM-5555/src/main/java/pl/coderslab/repository/EventRepository.java
2025-10-14 07:14:38,196 - Knowledge - INFO - Found code-base-name: https://github.com/kavia-common/CRM-5555.git:kavia-master
2025-10-14 07:14:38,989 - Knowledge - INFO - worker kw13 created with dedicated MongoDB connection (total: 13)
2025-10-14 07:14:39,200 - Knowledge - INFO - Found code_base: <app.utils.kg_build.knowledge.KnowledgeCodeBase object at 0x7f2391739010>
2025-10-14 07:14:39,315 - Knowledge - INFO - process ingested knowledge for /app/data/kaviademo4200/5555/b30548k/CRM-5555/src/main/java/pl/coderslab/repository/NotificationRepository.java
2025-10-14 07:14:39,445 - Knowledge - INFO - process ingested knowledge for /app/data/kaviademo4200/5555/b30548k/CRM-5555/src/main/java/pl/coderslab/repository/ClientRepository.java
2025-10-14 07:14:39,503 - Knowledge - INFO - Found code-base-name: https://github.com/kavia-common/CRM-5555.git:kavia-master
2025-10-14 07:14:39,503 - Knowledge - INFO - Found code-base-name: https://github.com/kavia-common/CRM-5555.git:kavia-master
2025-10-14 07:14:39,504 - Knowledge - INFO - Found code-base-name: https://github.com/kavia-common/CRM-5555.git:kavia-master
2025-10-14 07:14:39,504 - Knowledge - INFO - worker kw11 pull /app/data/kaviademo4200/5555/b30548k/CRM-5555/src/main/java/pl/coderslab/repository/UserRepository.java from ingest queue
2025-10-14 07:14:39,505 - Knowledge - INFO - worker kw12 pull /app/data/kaviademo4200/5555/b30548k/CRM-5555/src/main/java/pl/coderslab/AuthenticationFacade.java from ingest queue
2025-10-14 07:14:39,505 - Knowledge - INFO - worker kw5 pull /app/data/kaviademo4200/5555/b30548k/CRM-5555/src/main/java/pl/coderslab/api/ClientResource.java from ingest queue
2025-10-14 07:14:39,633 - Knowledge - INFO - adding /app/data/kaviademo4200/5555/b30548k/CRM-5555/src/main/java/pl/coderslab/repository/ReportRepository.java to ingest queue
2025-10-14 07:14:39,804 - Knowledge - INFO - Found code_base: <app.utils.kg_build.knowledge.KnowledgeCodeBase object at 0x7f2391739010>
2025-10-14 07:14:39,886 - Knowledge - INFO - knowledge worker kw13 start
2025-10-14 07:14:39,889 - Knowledge - INFO - worker kw14 created with dedicated MongoDB connection (total: 14)
2025-10-14 07:14:40,006 - Knowledge - INFO - persist ingested knowledge for /app/data/kaviademo4200/5555/b30548k/CRM-5555/src/main/java/pl/coderslab/repository/AddressRepository.java
2025-10-14 07:14:40,282 - Knowledge - INFO - Found code_base: <app.utils.kg_build.knowledge.KnowledgeCodeBase object at 0x7f2391739010>
2025-10-14 07:14:40,362 - Knowledge - INFO - Found code_base: <app.utils.kg_build.knowledge.KnowledgeCodeBase object at 0x7f2391739010>
2025-10-14 07:14:40,443 - Knowledge - INFO - Found code_base: <app.utils.kg_build.knowledge.KnowledgeCodeBase object at 0x7f2391739010>
2025-10-14 07:14:40,550 - Knowledge - INFO - process ingested knowledge for /app/data/kaviademo4200/5555/b30548k/CRM-5555/src/main/java/pl/coderslab/repository/UserRepository.java
2025-10-14 07:14:40,631 - Knowledge - INFO - process ingested knowledge for /app/data/kaviademo4200/5555/b30548k/CRM-5555/src/main/java/pl/coderslab/AuthenticationFacade.java
2025-10-14 07:14:40,742 - Knowledge - INFO - process ingested knowledge for /app/data/kaviademo4200/5555/b30548k/CRM-5555/src/main/java/pl/coderslab/api/ClientResource.java
2025-10-14 07:14:40,863 - Knowledge - INFO - Found code-base-name: https://github.com/kavia-common/CRM-5555.git:kavia-master
2025-10-14 07:14:40,863 - Knowledge - INFO - Found code-base-name: https://github.com/kavia-common/CRM-5555.git:kavia-master
2025-10-14 07:14:40,863 - Knowledge - INFO - worker kw6 pull /app/data/kaviademo4200/5555/b30548k/CRM-5555/src/main/java/pl/coderslab/CrmApplication.java from ingest queue
2025-10-14 07:14:40,863 - Knowledge - INFO - adding /app/data/kaviademo4200/5555/b30548k/CRM-5555/src/main/java/pl/coderslab/repository/EventRepository.java to ingest queue
2025-10-14 07:14:40,911 - Knowledge - INFO - persist ingested knowledge for /app/data/kaviademo4200/5555/b30548k/CRM-5555/src/main/java/pl/coderslab/repository/RoleRepository.java
2025-10-14 07:14:41,152 - Knowledge - INFO - knowledge worker kw14 start
2025-10-14 07:14:41,154 - Knowledge - INFO - worker kw15 created with dedicated MongoDB connection (total: 15)
2025-10-14 07:14:41,326 - Knowledge - INFO - persist ingested knowledge for /app/data/kaviademo4200/5555/b30548k/CRM-5555/src/main/java/pl/coderslab/repository/ContractRepository.java
2025-10-14 07:14:41,433 - Knowledge - INFO - persist ingested knowledge for /app/data/kaviademo4200/5555/b30548k/CRM-5555/src/main/java/pl/coderslab/repository/ContactPersonRepository.java
2025-10-14 07:14:41,557 - Knowledge - INFO - persist ingested knowledge for /app/data/kaviademo4200/5555/b30548k/CRM-5555/src/main/java/pl/coderslab/repository/CompanyRepository.java
2025-10-14 07:14:41,925 - Knowledge - INFO - Found code_base: <app.utils.kg_build.knowledge.KnowledgeCodeBase object at 0x7f2391739010>
2025-10-14 07:14:42,002 - Knowledge - INFO - Found code_base: <app.utils.kg_build.knowledge.KnowledgeCodeBase object at 0x7f2391739010>
2025-10-14 07:14:42,109 - Knowledge - INFO - process ingested knowledge for /app/data/kaviademo4200/5555/b30548k/CRM-5555/src/main/java/pl/coderslab/CrmApplication.java
2025-10-14 07:14:42,185 - Knowledge - INFO - worker kw13 pull /app/data/kaviademo4200/5555/b30548k/CRM-5555/src/main/java/pl/coderslab/SwaggerConfig.java from ingest queue
2025-10-14 07:14:42,234 - Knowledge - INFO - Found code-base-name: https://github.com/kavia-common/CRM-5555.git:kavia-master
2025-10-14 07:14:42,234 - Knowledge - INFO - Found code-base-name: https://github.com/kavia-common/CRM-5555.git:kavia-master
2025-10-14 07:14:42,234 - Knowledge - INFO - Found code-base-name: https://github.com/kavia-common/CRM-5555.git:kavia-master
2025-10-14 07:14:42,234 - Knowledge - INFO - worker kw1 pull /app/data/kaviademo4200/5555/b30548k/CRM-5555/src/main/java/pl/coderslab/web/ContractController.java from ingest queue
2025-10-14 07:14:42,234 - Knowledge - INFO - adding /app/data/kaviademo4200/5555/b30548k/CRM-5555/src/main/java/pl/coderslab/repository/AddressRepository.java to ingest queue
2025-10-14 07:14:42,485 - Knowledge - INFO - knowledge worker kw15 start
2025-10-14 07:14:42,488 - Knowledge - INFO - worker kw16 created with dedicated MongoDB connection (total: 16)
2025-10-14 07:14:42,919 - Knowledge - INFO - persist ingested knowledge for /app/data/kaviademo4200/5555/b30548k/CRM-5555/src/main/java/pl/coderslab/repository/NotificationRepository.java
2025-10-14 07:14:43,044 - Knowledge - INFO - persist ingested knowledge for /app/data/kaviademo4200/5555/b30548k/CRM-5555/src/main/java/pl/coderslab/repository/ClientRepository.java
2025-10-14 07:14:43,247 - Knowledge - INFO - process ingested knowledge for /app/data/kaviademo4200/5555/b30548k/CRM-5555/src/main/java/pl/coderslab/SwaggerConfig.java
2025-10-14 07:14:43,290 - Knowledge - INFO - Found code_base: <app.utils.kg_build.knowledge.KnowledgeCodeBase object at 0x7f2391739010>
2025-10-14 07:14:43,384 - Knowledge - INFO - Found code_base: <app.utils.kg_build.knowledge.KnowledgeCodeBase object at 0x7f2391739010>
2025-10-14 07:14:43,494 - Knowledge - INFO - Found code_base: <app.utils.kg_build.knowledge.KnowledgeCodeBase object at 0x7f2391739010>
2025-10-14 07:14:43,595 - Knowledge - INFO - process ingested knowledge for /app/data/kaviademo4200/5555/b30548k/CRM-5555/src/main/java/pl/coderslab/web/ContractController.java
2025-10-14 07:14:43,705 - Knowledge - INFO - worker kw14 pull /app/data/kaviademo4200/5555/b30548k/CRM-5555/src/main/java/pl/coderslab/web/EmployeeSearchController.java from ingest queue
2025-10-14 07:14:43,839 - Knowledge - INFO - Found code-base-name: https://github.com/kavia-common/CRM-5555.git:kavia-master
2025-10-14 07:14:43,840 - Knowledge - INFO - worker kw2 pull /app/data/kaviademo4200/5555/b30548k/CRM-5555/src/main/java/pl/coderslab/web/EventController.java from ingest queue
2025-10-14 07:14:43,840 - Knowledge - INFO - adding /app/data/kaviademo4200/5555/b30548k/CRM-5555/src/main/java/pl/coderslab/repository/RoleRepository.java to ingest queue
2025-10-14 07:14:43,881 - Knowledge - INFO - knowledge worker kw16 start
2025-10-14 07:14:43,883 - Knowledge - INFO - worker kw17 created with dedicated MongoDB connection (total: 17)
2025-10-14 07:14:44,246 - Knowledge - INFO - persist ingested knowledge for /app/data/kaviademo4200/5555/b30548k/CRM-5555/src/main/java/pl/coderslab/repository/UserRepository.java
2025-10-14 07:14:44,332 - Knowledge - INFO - persist ingested knowledge for /app/data/kaviademo4200/5555/b30548k/CRM-5555/src/main/java/pl/coderslab/AuthenticationFacade.java
2025-10-14 07:14:44,419 - Knowledge - INFO - persist ingested knowledge for /app/data/kaviademo4200/5555/b30548k/CRM-5555/src/main/java/pl/coderslab/api/ClientResource.java
2025-10-14 07:14:44,632 - Knowledge - INFO - process ingested knowledge for /app/data/kaviademo4200/5555/b30548k/CRM-5555/src/main/java/pl/coderslab/web/EmployeeSearchController.java
2025-10-14 07:14:44,692 - Knowledge - INFO - Found code_base: <app.utils.kg_build.knowledge.KnowledgeCodeBase object at 0x7f2391739010>
2025-10-14 07:14:44,798 - Knowledge - INFO - process ingested knowledge for /app/data/kaviademo4200/5555/b30548k/CRM-5555/src/main/java/pl/coderslab/web/EventController.java
2025-10-14 07:14:44,854 - Knowledge - INFO - worker kw15 pull /app/data/kaviademo4200/5555/b30548k/CRM-5555/src/main/java/pl/coderslab/web/ManagerSearchController.java from ingest queue
2025-10-14 07:14:44,854 - Knowledge - INFO - adding /app/data/kaviademo4200/5555/b30548k/CRM-5555/src/main/java/pl/coderslab/repository/ContactPersonRepository.java to ingest queue
2025-10-14 07:14:45,054 - Knowledge - INFO - knowledge worker kw17 start
2025-10-14 07:14:45,056 - Knowledge - INFO - worker kw18 created with dedicated MongoDB connection (total: 18)
2025-10-14 07:14:45,531 - Knowledge - INFO - persist ingested knowledge for /app/data/kaviademo4200/5555/b30548k/CRM-5555/src/main/java/pl/coderslab/CrmApplication.java
2025-10-14 07:14:45,749 - Knowledge - INFO - process ingested knowledge for /app/data/kaviademo4200/5555/b30548k/CRM-5555/src/main/java/pl/coderslab/web/ManagerSearchController.java
2025-10-14 07:14:45,852 - Knowledge - INFO - adding /app/data/kaviademo4200/5555/b30548k/CRM-5555/src/main/java/pl/coderslab/repository/CompanyRepository.java to ingest queue
2025-10-14 07:14:46,074 - Knowledge - INFO - knowledge worker kw18 start
2025-10-14 07:14:46,076 - Knowledge - INFO - worker kw19 created with dedicated MongoDB connection (total: 19)
2025-10-14 07:14:46,419 - Knowledge - INFO - adding /app/data/kaviademo4200/5555/b30548k/CRM-5555/src/main/java/pl/coderslab/repository/ContractRepository.java to ingest queue
2025-10-14 07:14:46,601 - Knowledge - INFO - knowledge worker kw19 start
2025-10-14 07:14:46,603 - Knowledge - INFO - worker kw20 created with dedicated MongoDB connection (total: 20)
2025-10-14 07:14:46,801 - Knowledge - INFO - Found code-base-name: https://github.com/kavia-common/CRM-5555.git:kavia-master
2025-10-14 07:14:46,801 - Knowledge - INFO - Found code-base-name: https://github.com/kavia-common/CRM-5555.git:kavia-master
2025-10-14 07:14:46,801 - Knowledge - INFO - worker kw7 pull /app/data/kaviademo4200/5555/b30548k/CRM-5555/src/main/java/pl/coderslab/web/AdminController.java from ingest queue
2025-10-14 07:14:46,801 - Knowledge - INFO - worker kw16 pull /app/data/kaviademo4200/5555/b30548k/CRM-5555/src/main/java/pl/coderslab/web/HomeController.java from ingest queue
2025-10-14 07:14:46,887 - Knowledge - INFO - Found code-base-name: https://github.com/kavia-common/CRM-5555.git:kavia-master
2025-10-14 07:14:46,887 - Knowledge - INFO - Found code-base-name: https://github.com/kavia-common/CRM-5555.git:kavia-master
2025-10-14 07:14:46,887 - Knowledge - INFO - worker kw3 pull /app/data/kaviademo4200/5555/b30548k/CRM-5555/src/main/java/pl/coderslab/web/ClientController.java from ingest queue
2025-10-14 07:14:46,887 - Knowledge - INFO - worker kw17 pull /app/data/kaviademo4200/5555/b30548k/CRM-5555/src/main/java/pl/coderslab/web/ImportController.java from ingest queue
2025-10-14 07:14:46,887 - Knowledge - INFO - Found code-base-name: https://github.com/kavia-common/CRM-5555.git:kavia-master
2025-10-14 07:14:46,887 - Knowledge - INFO - worker kw9 pull /app/data/kaviademo4200/5555/b30548k/CRM-5555/src/main/java/pl/coderslab/SecurityConfig.java from ingest queue
2025-10-14 07:14:46,887 - Knowledge - INFO - worker kw18 pull /app/data/kaviademo4200/5555/b30548k/CRM-5555/src/main/java/pl/coderslab/service/ClientService.java from ingest queue
2025-10-14 07:14:46,887 - Knowledge - INFO - adding /app/data/kaviademo4200/5555/b30548k/CRM-5555/src/main/java/pl/coderslab/repository/NotificationRepository.java to ingest queue
2025-10-14 07:14:46,916 - Knowledge - INFO - knowledge worker kw20 start
2025-10-14 07:14:46,918 - Knowledge - WARNING - High connection count: 21 connections active
2025-10-14 07:14:47,006 - Knowledge - INFO - Found code_base: <app.utils.kg_build.knowledge.KnowledgeCodeBase object at 0x7f2391739010>
2025-10-14 07:14:47,117 - Knowledge - INFO - Found code_base: <app.utils.kg_build.knowledge.KnowledgeCodeBase object at 0x7f2391739010>
2025-10-14 07:14:47,235 - Knowledge - INFO - process ingested knowledge for /app/data/kaviademo4200/5555/b30548k/CRM-5555/src/main/java/pl/coderslab/web/AdminController.java
2025-10-14 07:14:47,354 - Knowledge - INFO - process ingested knowledge for /app/data/kaviademo4200/5555/b30548k/CRM-5555/src/main/java/pl/coderslab/web/HomeController.java
2025-10-14 07:14:47,443 - Knowledge - INFO - Found code_base: <app.utils.kg_build.knowledge.KnowledgeCodeBase object at 0x7f2391739010>
2025-10-14 07:14:47,561 - Knowledge - INFO - Found code_base: <app.utils.kg_build.knowledge.KnowledgeCodeBase object at 0x7f2391739010>
2025-10-14 07:14:47,670 - Knowledge - INFO - process ingested knowledge for /app/data/kaviademo4200/5555/b30548k/CRM-5555/src/main/java/pl/coderslab/web/ClientController.java
2025-10-14 07:14:47,761 - Knowledge - INFO - process ingested knowledge for /app/data/kaviademo4200/5555/b30548k/CRM-5555/src/main/java/pl/coderslab/web/ImportController.java
2025-10-14 07:14:47,808 - Knowledge - INFO - Found code_base: <app.utils.kg_build.knowledge.KnowledgeCodeBase object at 0x7f2391739010>
2025-10-14 07:14:47,943 - Knowledge - INFO - process ingested knowledge for /app/data/kaviademo4200/5555/b30548k/CRM-5555/src/main/java/pl/coderslab/SecurityConfig.java
2025-10-14 07:14:48,019 - Knowledge - INFO - process ingested knowledge for /app/data/kaviademo4200/5555/b30548k/CRM-5555/src/main/java/pl/coderslab/service/ClientService.java
2025-10-14 07:14:48,091 - Knowledge - INFO - adding /app/data/kaviademo4200/5555/b30548k/CRM-5555/src/main/java/pl/coderslab/repository/ClientRepository.java to ingest queue
2025-10-14 07:14:48,261 - Knowledge - INFO - worker kw21 created with dedicated MongoDB connection (total: 21)
2025-10-14 07:14:48,362 - Knowledge - INFO - persist ingested knowledge for /app/data/kaviademo4200/5555/b30548k/CRM-5555/src/main/java/pl/coderslab/SwaggerConfig.java
2025-10-14 07:14:48,438 - Knowledge - INFO - persist ingested knowledge for /app/data/kaviademo4200/5555/b30548k/CRM-5555/src/main/java/pl/coderslab/web/ContractController.java
2025-10-14 07:14:48,736 - Knowledge - INFO - persist ingested knowledge for /app/data/kaviademo4200/5555/b30548k/CRM-5555/src/main/java/pl/coderslab/web/EmployeeSearchController.java
2025-10-14 07:14:48,829 - Knowledge - INFO - persist ingested knowledge for /app/data/kaviademo4200/5555/b30548k/CRM-5555/src/main/java/pl/coderslab/web/EventController.java
2025-10-14 07:14:49,125 - Knowledge - INFO - persist ingested knowledge for /app/data/kaviademo4200/5555/b30548k/CRM-5555/src/main/java/pl/coderslab/web/ManagerSearchController.java
2025-10-14 07:14:49,464 - Knowledge - INFO - worker kw19 pull /app/data/kaviademo4200/5555/b30548k/CRM-5555/src/main/java/pl/coderslab/service/UserService.java from ingest queue
2025-10-14 07:14:49,464 - Knowledge - INFO - adding /app/data/kaviademo4200/5555/b30548k/CRM-5555/src/main/java/pl/coderslab/AuthenticationFacade.java to ingest queue
2025-10-14 07:14:49,498 - Knowledge - INFO - knowledge worker kw21 start
2025-10-14 07:14:49,500 - Knowledge - WARNING - High connection count: 22 connections active
2025-10-14 07:14:50,153 - Knowledge - INFO - process ingested knowledge for /app/data/kaviademo4200/5555/b30548k/CRM-5555/src/main/java/pl/coderslab/service/UserService.java
2025-10-14 07:14:50,240 - Knowledge - INFO - adding /app/data/kaviademo4200/5555/b30548k/CRM-5555/src/main/java/pl/coderslab/api/ClientResource.java to ingest queue
2025-10-14 07:14:50,436 - Knowledge - INFO - worker kw22 created with dedicated MongoDB connection (total: 22)
2025-10-14 07:14:50,692 - Knowledge - INFO - worker kw8 pull /app/data/kaviademo4200/5555/b30548k/CRM-5555/src/main/java/pl/coderslab/service/NotificationService.java from ingest queue
2025-10-14 07:14:50,692 - Knowledge - INFO - worker kw10 pull /app/data/kaviademo4200/5555/b30548k/CRM-5555/src/main/java/pl/coderslab/service/ClientServiceImpl.java from ingest queue
2025-10-14 07:14:50,692 - Knowledge - INFO - Found code-base-name: https://github.com/kavia-common/CRM-5555.git:kavia-master
2025-10-14 07:14:50,692 - Knowledge - INFO - Found code-base-name: https://github.com/kavia-common/CRM-5555.git:kavia-master
2025-10-14 07:14:50,692 - Knowledge - INFO - Found code-base-name: https://github.com/kavia-common/CRM-5555.git:kavia-master
2025-10-14 07:14:50,692 - Knowledge - INFO - Found code-base-name: https://github.com/kavia-common/CRM-5555.git:kavia-master
2025-10-14 07:14:50,692 - Knowledge - INFO - Found code-base-name: https://github.com/kavia-common/CRM-5555.git:kavia-master
2025-10-14 07:14:50,692 - Knowledge - INFO - worker kw4 pull /app/data/kaviademo4200/5555/b30548k/CRM-5555/src/main/java/pl/coderslab/service/UserServiceImpl.java from ingest queue
2025-10-14 07:14:50,693 - Knowledge - INFO - adding /app/data/kaviademo4200/5555/b30548k/CRM-5555/src/main/java/pl/coderslab/repository/UserRepository.java to ingest queue
2025-10-14 07:14:50,735 - Knowledge - INFO - knowledge worker kw22 start
2025-10-14 07:14:50,738 - Knowledge - WARNING - High connection count: 23 connections active
2025-10-14 07:14:50,882 - Knowledge - INFO - process ingested knowledge for /app/data/kaviademo4200/5555/b30548k/CRM-5555/src/main/java/pl/coderslab/service/NotificationService.java
2025-10-14 07:14:51,003 - Knowledge - INFO - process ingested knowledge for /app/data/kaviademo4200/5555/b30548k/CRM-5555/src/main/java/pl/coderslab/service/ClientServiceImpl.java
2025-10-14 07:14:51,098 - Knowledge - INFO - Found code_base: <app.utils.kg_build.knowledge.KnowledgeCodeBase object at 0x7f2391739010>
2025-10-14 07:14:51,172 - Knowledge - INFO - Found code_base: <app.utils.kg_build.knowledge.KnowledgeCodeBase object at 0x7f2391739010>
2025-10-14 07:14:51,250 - Knowledge - INFO - Found code_base: <app.utils.kg_build.knowledge.KnowledgeCodeBase object at 0x7f2391739010>
2025-10-14 07:14:51,342 - Knowledge - INFO - Found code_base: <app.utils.kg_build.knowledge.KnowledgeCodeBase object at 0x7f2391739010>
2025-10-14 07:14:51,414 - Knowledge - INFO - Found code_base: <app.utils.kg_build.knowledge.KnowledgeCodeBase object at 0x7f2391739010>
2025-10-14 07:14:51,540 - Knowledge - INFO - process ingested knowledge for /app/data/kaviademo4200/5555/b30548k/CRM-5555/src/main/java/pl/coderslab/service/UserServiceImpl.java
2025-10-14 07:14:51,788 - Knowledge - INFO - worker kw12 pull /app/data/kaviademo4200/5555/b30548k/CRM-5555/src/main/java/pl/coderslab/service/CsvImportExportService.java from ingest queue
2025-10-14 07:14:51,788 - Knowledge - INFO - worker kw21 pull /app/data/kaviademo4200/5555/b30548k/CRM-5555/src/main/java/pl/coderslab/service/PdfService.java from ingest queue
2025-10-14 07:14:51,788 - Knowledge - INFO - worker kw5 pull /app/data/kaviademo4200/5555/b30548k/CRM-5555/src/main/java/pl/coderslab/service/AddressService.java from ingest queue
2025-10-14 07:14:51,788 - Knowledge - INFO - worker kw20 pull /app/data/kaviademo4200/5555/b30548k/CRM-5555/src/main/java/pl/coderslab/service/ContractService.java from ingest queue
2025-10-14 07:14:51,789 - Knowledge - INFO - Found code-base-name: https://github.com/kavia-common/CRM-5555.git:kavia-master
2025-10-14 07:14:51,809 - Knowledge - INFO - worker kw23 created with dedicated MongoDB connection (total: 23)
2025-10-14 07:14:51,832 - Knowledge - INFO - worker kw11 pull /app/data/kaviademo4200/5555/b30548k/CRM-5555/src/main/java/pl/coderslab/entity/Report.java from ingest queue
2025-10-14 07:14:51,832 - Knowledge - INFO - adding /app/data/kaviademo4200/5555/b30548k/CRM-5555/src/main/java/pl/coderslab/web/EmployeeSearchController.java to ingest queue
2025-10-14 07:14:52,103 - Knowledge - INFO - persist ingested knowledge for /app/data/kaviademo4200/5555/b30548k/CRM-5555/src/main/java/pl/coderslab/web/AdminController.java
2025-10-14 07:14:52,215 - Knowledge - INFO - persist ingested knowledge for /app/data/kaviademo4200/5555/b30548k/CRM-5555/src/main/java/pl/coderslab/web/ClientController.java
2025-10-14 07:14:52,328 - Knowledge - INFO - persist ingested knowledge for /app/data/kaviademo4200/5555/b30548k/CRM-5555/src/main/java/pl/coderslab/web/ImportController.java
2025-10-14 07:14:52,446 - Knowledge - INFO - persist ingested knowledge for /app/data/kaviademo4200/5555/b30548k/CRM-5555/src/main/java/pl/coderslab/SecurityConfig.java
2025-10-14 07:14:52,566 - Knowledge - INFO - persist ingested knowledge for /app/data/kaviademo4200/5555/b30548k/CRM-5555/src/main/java/pl/coderslab/service/ClientService.java
2025-10-14 07:14:52,792 - Knowledge - INFO - process ingested knowledge for /app/data/kaviademo4200/5555/b30548k/CRM-5555/src/main/java/pl/coderslab/service/CsvImportExportService.java
2025-10-14 07:14:52,874 - Knowledge - INFO - process ingested knowledge for /app/data/kaviademo4200/5555/b30548k/CRM-5555/src/main/java/pl/coderslab/service/PdfService.java
2025-10-14 07:14:52,967 - Knowledge - INFO - process ingested knowledge for /app/data/kaviademo4200/5555/b30548k/CRM-5555/src/main/java/pl/coderslab/service/AddressService.java
2025-10-14 07:14:53,089 - Knowledge - INFO - process ingested knowledge for /app/data/kaviademo4200/5555/b30548k/CRM-5555/src/main/java/pl/coderslab/service/ContractService.java
2025-10-14 07:14:53,151 - Knowledge - INFO - Found code_base: <app.utils.kg_build.knowledge.KnowledgeCodeBase object at 0x7f2391739010>
2025-10-14 07:14:53,238 - Knowledge - INFO - knowledge worker kw23 start
2025-10-14 07:14:53,240 - Knowledge - WARNING - High connection count: 24 connections active
2025-10-14 07:14:53,342 - Knowledge - INFO - process ingested knowledge for /app/data/kaviademo4200/5555/b30548k/CRM-5555/src/main/java/pl/coderslab/entity/Report.java
2025-10-14 07:14:53,411 - Knowledge - INFO - worker kw22 pull /app/data/kaviademo4200/5555/b30548k/CRM-5555/src/main/java/pl/coderslab/entity/Office.java from ingest queue
2025-10-14 07:14:53,412 - Knowledge - INFO - adding /app/data/kaviademo4200/5555/b30548k/CRM-5555/src/main/java/pl/coderslab/web/EventController.java to ingest queue
2025-10-14 07:14:54,410 - Knowledge - INFO - persist ingested knowledge for /app/data/kaviademo4200/5555/b30548k/CRM-5555/src/main/java/pl/coderslab/web/HomeController.java
2025-10-14 07:14:54,652 - Knowledge - INFO - worker kw24 created with dedicated MongoDB connection (total: 24)
2025-10-14 07:14:54,849 - Knowledge - INFO - process ingested knowledge for /app/data/kaviademo4200/5555/b30548k/CRM-5555/src/main/java/pl/coderslab/entity/Office.java
2025-10-14 07:14:54,928 - Knowledge - INFO - Found code-base-name: https://github.com/kavia-common/CRM-5555.git:kavia-master
2025-10-14 07:14:54,928 - Knowledge - INFO - adding /app/data/kaviademo4200/5555/b30548k/CRM-5555/src/main/java/pl/coderslab/web/ManagerSearchController.java to ingest queue
2025-10-14 07:14:55,139 - Knowledge - INFO - knowledge worker kw24 start
2025-10-14 07:14:55,143 - Knowledge - WARNING - High connection count: 25 connections active
2025-10-14 07:14:55,350 - Knowledge - INFO - Found code_base: <app.utils.kg_build.knowledge.KnowledgeCodeBase object at 0x7f2391739010>
2025-10-14 07:14:55,471 - Knowledge - INFO - adding /app/data/kaviademo4200/5555/b30548k/CRM-5555/src/main/java/pl/coderslab/CrmApplication.java to ingest queue
2025-10-14 07:14:55,644 - Knowledge - INFO - worker kw25 created with dedicated MongoDB connection (total: 25)
2025-10-14 07:14:55,735 - Knowledge - INFO - persist ingested knowledge for /app/data/kaviademo4200/5555/b30548k/CRM-5555/src/main/java/pl/coderslab/service/UserService.java
2025-10-14 07:14:55,851 - Knowledge - INFO - adding /app/data/kaviademo4200/5555/b30548k/CRM-5555/src/main/java/pl/coderslab/web/ContractController.java to ingest queue
2025-10-14 07:14:55,938 - Knowledge - INFO - knowledge worker kw25 start
2025-10-14 07:14:55,941 - Knowledge - WARNING - High connection count: 26 connections active
2025-10-14 07:14:56,104 - Knowledge - INFO - adding /app/data/kaviademo4200/5555/b30548k/CRM-5555/src/main/java/pl/coderslab/SwaggerConfig.java to ingest queue
2025-10-14 07:14:56,310 - Knowledge - INFO - worker kw26 created with dedicated MongoDB connection (total: 26)
2025-10-14 07:14:56,403 - Knowledge - INFO - Found code-base-name: https://github.com/kavia-common/CRM-5555.git:kavia-master
2025-10-14 07:14:56,403 - Knowledge - INFO - Found code-base-name: https://github.com/kavia-common/CRM-5555.git:kavia-master
2025-10-14 07:14:56,404 - Knowledge - INFO - Found code-base-name: https://github.com/kavia-common/CRM-5555.git:kavia-master
2025-10-14 07:14:56,404 - Knowledge - INFO - worker kw14 pull /app/data/kaviademo4200/5555/b30548k/CRM-5555/src/main/java/pl/coderslab/entity/Role.java from ingest queue
2025-10-14 07:14:56,506 - Knowledge - INFO - knowledge worker kw26 start
2025-10-14 07:14:56,508 - Knowledge - WARNING - High connection count: 27 connections active
2025-10-14 07:14:56,581 - Knowledge - INFO - Found code-base-name: https://github.com/kavia-common/CRM-5555.git:kavia-master
2025-10-14 07:14:56,581 - Knowledge - INFO - Found code-base-name: https://github.com/kavia-common/CRM-5555.git:kavia-master
2025-10-14 07:14:56,582 - Knowledge - INFO - Found code-base-name: https://github.com/kavia-common/CRM-5555.git:kavia-master
2025-10-14 07:14:56,582 - Knowledge - INFO - Found code-base-name: https://github.com/kavia-common/CRM-5555.git:kavia-master
2025-10-14 07:14:56,582 - Knowledge - INFO - worker kw23 pull /app/data/kaviademo4200/5555/b30548k/CRM-5555/src/main/java/pl/coderslab/entity/Event.java from ingest queue
2025-10-14 07:14:56,582 - Knowledge - INFO - Found code-base-name: https://github.com/kavia-common/CRM-5555.git:kavia-master
2025-10-14 07:14:56,582 - Knowledge - INFO - worker kw2 pull /app/data/kaviademo4200/5555/b30548k/CRM-5555/src/main/java/pl/coderslab/entity/Address.java from ingest queue
2025-10-14 07:14:56,595 - Knowledge - INFO - Found code_base: <app.utils.kg_build.knowledge.KnowledgeCodeBase object at 0x7f2391739010>
2025-10-14 07:14:56,631 - Knowledge - INFO - worker kw15 pull /app/data/kaviademo4200/5555/b30548k/CRM-5555/src/main/java/pl/coderslab/entity/Contract.java from ingest queue
2025-10-14 07:14:56,631 - Knowledge - INFO - worker kw24 pull /app/data/kaviademo4200/5555/b30548k/CRM-5555/src/main/java/pl/coderslab/entity/ContactPerson.java from ingest queue
2025-10-14 07:14:56,669 - Knowledge - INFO - Found code_base: <app.utils.kg_build.knowledge.KnowledgeCodeBase object at 0x7f2391739010>
2025-10-14 07:14:56,675 - Knowledge - INFO - worker kw1 pull /app/data/kaviademo4200/5555/b30548k/CRM-5555/src/main/java/pl/coderslab/entity/Notification.java from ingest queue
2025-10-14 07:14:56,676 - Knowledge - INFO - worker kw25 pull /app/data/kaviademo4200/5555/b30548k/CRM-5555/src/main/java/pl/coderslab/entity/Company.java from ingest queue
2025-10-14 07:14:56,721 - Knowledge - INFO - adding /app/data/kaviademo4200/5555/b30548k/CRM-5555/src/main/java/pl/coderslab/web/ClientController.java to ingest queue
2025-10-14 07:14:56,768 - Knowledge - INFO - Found code_base: <app.utils.kg_build.knowledge.KnowledgeCodeBase object at 0x7f2391739010>
2025-10-14 07:14:56,896 - Knowledge - INFO - process ingested knowledge for /app/data/kaviademo4200/5555/b30548k/CRM-5555/src/main/java/pl/coderslab/entity/Role.java
2025-10-14 07:14:57,055 - Knowledge - INFO - worker kw27 created with dedicated MongoDB connection (total: 27)
2025-10-14 07:14:57,136 - Knowledge - INFO - Found code_base: <app.utils.kg_build.knowledge.KnowledgeCodeBase object at 0x7f2391739010>
2025-10-14 07:14:57,224 - Knowledge - INFO - Found code_base: <app.utils.kg_build.knowledge.KnowledgeCodeBase object at 0x7f2391739010>
2025-10-14 07:14:57,337 - Knowledge - INFO - Found code_base: <app.utils.kg_build.knowledge.KnowledgeCodeBase object at 0x7f2391739010>
2025-10-14 07:14:57,428 - Knowledge - INFO - Found code_base: <app.utils.kg_build.knowledge.KnowledgeCodeBase object at 0x7f2391739010>
2025-10-14 07:14:57,554 - Knowledge - INFO - process ingested knowledge for /app/data/kaviademo4200/5555/b30548k/CRM-5555/src/main/java/pl/coderslab/entity/Event.java
2025-10-14 07:14:57,642 - Knowledge - INFO - Found code_base: <app.utils.kg_build.knowledge.KnowledgeCodeBase object at 0x7f2391739010>
2025-10-14 07:14:57,748 - Knowledge - INFO - process ingested knowledge for /app/data/kaviademo4200/5555/b30548k/CRM-5555/src/main/java/pl/coderslab/entity/Address.java
2025-10-14 07:14:57,820 - Knowledge - INFO - persist ingested knowledge for /app/data/kaviademo4200/5555/b30548k/CRM-5555/src/main/java/pl/coderslab/service/NotificationService.java
2025-10-14 07:14:57,942 - Knowledge - INFO - process ingested knowledge for /app/data/kaviademo4200/5555/b30548k/CRM-5555/src/main/java/pl/coderslab/entity/Contract.java
2025-10-14 07:14:58,019 - Knowledge - INFO - process ingested knowledge for /app/data/kaviademo4200/5555/b30548k/CRM-5555/src/main/java/pl/coderslab/entity/ContactPerson.java
2025-10-14 07:14:58,067 - Knowledge - INFO - persist ingested knowledge for /app/data/kaviademo4200/5555/b30548k/CRM-5555/src/main/java/pl/coderslab/service/ClientServiceImpl.java
2025-10-14 07:14:58,207 - Knowledge - INFO - process ingested knowledge for /app/data/kaviademo4200/5555/b30548k/CRM-5555/src/main/java/pl/coderslab/entity/Notification.java
2025-10-14 07:14:58,301 - Knowledge - INFO - process ingested knowledge for /app/data/kaviademo4200/5555/b30548k/CRM-5555/src/main/java/pl/coderslab/entity/Company.java
2025-10-14 07:14:58,391 - Knowledge - INFO - adding /app/data/kaviademo4200/5555/b30548k/CRM-5555/src/main/java/pl/coderslab/web/ImportController.java to ingest queue
2025-10-14 07:14:58,462 - Knowledge - INFO - persist ingested knowledge for /app/data/kaviademo4200/5555/b30548k/CRM-5555/src/main/java/pl/coderslab/service/UserServiceImpl.java
2025-10-14 07:14:58,655 - Knowledge - INFO - knowledge worker kw27 start
2025-10-14 07:14:58,656 - Knowledge - WARNING - High connection count: 28 connections active
2025-10-14 07:14:58,764 - Knowledge - INFO - persist ingested knowledge for /app/data/kaviademo4200/5555/b30548k/CRM-5555/src/main/java/pl/coderslab/service/CsvImportExportService.java
2025-10-14 07:14:58,875 - Knowledge - INFO - persist ingested knowledge for /app/data/kaviademo4200/5555/b30548k/CRM-5555/src/main/java/pl/coderslab/service/PdfService.java
2025-10-14 07:14:58,956 - Knowledge - INFO - persist ingested knowledge for /app/data/kaviademo4200/5555/b30548k/CRM-5555/src/main/java/pl/coderslab/service/AddressService.java
2025-10-14 07:14:59,072 - Knowledge - INFO - persist ingested knowledge for /app/data/kaviademo4200/5555/b30548k/CRM-5555/src/main/java/pl/coderslab/service/ContractService.java
2025-10-14 07:14:59,244 - Knowledge - INFO - persist ingested knowledge for /app/data/kaviademo4200/5555/b30548k/CRM-5555/src/main/java/pl/coderslab/entity/Report.java
2025-10-14 07:15:00,140 - Knowledge - INFO - adding /app/data/kaviademo4200/5555/b30548k/CRM-5555/src/main/java/pl/coderslab/SecurityConfig.java to ingest queue
2025-10-14 07:15:00,443 - Knowledge - INFO - worker kw28 created with dedicated MongoDB connection (total: 28)
2025-10-14 07:15:01,030 - Knowledge - INFO - adding /app/data/kaviademo4200/5555/b30548k/CRM-5555/src/main/java/pl/coderslab/service/ClientService.java to ingest queue
2025-10-14 07:15:01,133 - Knowledge - INFO - knowledge worker kw28 start
2025-10-14 07:15:01,135 - Knowledge - WARNING - High connection count: 29 connections active
2025-10-14 07:15:01,246 - Knowledge - INFO - Found code-base-name: https://github.com/kavia-common/CRM-5555.git:kavia-master
2025-10-14 07:15:01,246 - Knowledge - INFO - worker kw6 pull /app/data/kaviademo4200/5555/b30548k/CRM-5555/src/main/java/pl/coderslab/entity/User.java from ingest queue
2025-10-14 07:15:01,247 - Knowledge - INFO - worker kw13 pull /app/data/kaviademo4200/5555/b30548k/CRM-5555/src/main/java/pl/coderslab/entity/Client.java from ingest queue
2025-10-14 07:15:01,247 - Knowledge - INFO - adding /app/data/kaviademo4200/5555/b30548k/CRM-5555/src/main/java/pl/coderslab/service/UserService.java to ingest queue
2025-10-14 07:15:01,456 - Knowledge - INFO - worker kw29 created with dedicated MongoDB connection (total: 29)
2025-10-14 07:15:01,935 - Knowledge - INFO - knowledge worker kw29 start
2025-10-14 07:15:01,689 - Knowledge - INFO - process ingested knowledge for /app/data/kaviademo4200/5555/b30548k/CRM-5555/src/main/java/pl/coderslab/entity/User.java
2025-10-14 07:15:01,757 - Knowledge - INFO - process ingested knowledge for /app/data/kaviademo4200/5555/b30548k/CRM-5555/src/main/java/pl/coderslab/entity/Client.java
2025-10-14 07:15:01,840 - Knowledge - INFO - worker kw26 pull /app/data/kaviademo4200/5555/b30548k/CRM-5555/src/main/java/pl/coderslab/SpringDataUserDetailsService.java from ingest queue
2025-10-14 07:15:01,841 - Knowledge - INFO - worker kw3 pull /app/data/kaviademo4200/5555/b30548k/CRM-5555/src/main/java/pl/coderslab/dto/ClientMapper.java from ingest queue
2025-10-14 07:15:01,842 - Knowledge - INFO - Found code-base-name: https://github.com/kavia-common/CRM-5555.git:kavia-master
2025-10-14 07:15:01,842 - Knowledge - INFO - Found code-base-name: https://github.com/kavia-common/CRM-5555.git:kavia-master
2025-10-14 07:15:01,889 - Knowledge - INFO - Found code-base-name: https://github.com/kavia-common/CRM-5555.git:kavia-master
2025-10-14 07:15:01,889 - Knowledge - INFO - Found code-base-name: https://github.com/kavia-common/CRM-5555.git:kavia-master
2025-10-14 07:15:01,529 - Knowledge - INFO - Found code_base: <app.utils.kg_build.knowledge.KnowledgeCodeBase object at 0x7f2391739010>
2025-10-14 07:15:01,937 - Knowledge - WARNING - High connection count: 30 connections active
2025-10-14 07:15:01,937 - Knowledge - INFO - Found code-base-name: https://github.com/kavia-common/CRM-5555.git:kavia-master
2025-10-14 07:15:01,937 - Knowledge - INFO - Found code-base-name: https://github.com/kavia-common/CRM-5555.git:kavia-master
2025-10-14 07:15:01,937 - Knowledge - INFO - worker kw17 pull /app/data/kaviademo4200/5555/b30548k/CRM-5555/src/main/java/pl/coderslab/dto/ClientDto.java from ingest queue
2025-10-14 07:15:02,210 - Knowledge - INFO - worker kw9 pull /app/data/kaviademo4200/5555/b30548k/CRM-5555/src/main/resources/static/css/main.css from ingest queue
2025-10-14 07:15:02,210 - Knowledge - INFO - adding /app/data/kaviademo4200/5555/b30548k/CRM-5555/src/main/java/pl/coderslab/web/HomeController.java to ingest queue
2025-10-14 07:15:02,332 - Knowledge - INFO - process ingested knowledge for /app/data/kaviademo4200/5555/b30548k/CRM-5555/src/main/java/pl/coderslab/SpringDataUserDetailsService.java
2025-10-14 07:15:02,414 - Knowledge - INFO - process ingested knowledge for /app/data/kaviademo4200/5555/b30548k/CRM-5555/src/main/java/pl/coderslab/dto/ClientMapper.java
2025-10-14 07:15:02,467 - Knowledge - INFO - Found code_base: <app.utils.kg_build.knowledge.KnowledgeCodeBase object at 0x7f2391739010>
2025-10-14 07:15:02,558 - Knowledge - INFO - Found code_base: <app.utils.kg_build.knowledge.KnowledgeCodeBase object at 0x7f2391739010>
2025-10-14 07:15:02,654 - Knowledge - INFO - Found code_base: <app.utils.kg_build.knowledge.KnowledgeCodeBase object at 0x7f2391739010>
2025-10-14 07:15:02,753 - Knowledge - INFO - Found code_base: <app.utils.kg_build.knowledge.KnowledgeCodeBase object at 0x7f2391739010>
2025-10-14 07:15:02,836 - Knowledge - INFO - persist ingested knowledge for /app/data/kaviademo4200/5555/b30548k/CRM-5555/src/main/java/pl/coderslab/entity/Office.java
2025-10-14 07:15:02,925 - Knowledge - INFO - worker kw30 created with dedicated MongoDB connection (total: 30)
2025-10-14 07:15:03,006 - Knowledge - INFO - Found code_base: <app.utils.kg_build.knowledge.KnowledgeCodeBase object at 0x7f2391739010>
2025-10-14 07:15:03,111 - Knowledge - INFO - Found code_base: <app.utils.kg_build.knowledge.KnowledgeCodeBase object at 0x7f2391739010>
2025-10-14 07:15:03,218 - Knowledge - INFO - process ingested knowledge for /app/data/kaviademo4200/5555/b30548k/CRM-5555/src/main/java/pl/coderslab/dto/ClientDto.java
2025-10-14 07:15:03,361 - Knowledge - INFO - process ingested knowledge for /app/data/kaviademo4200/5555/b30548k/CRM-5555/src/main/resources/static/css/main.css
2025-10-14 07:15:03,410 - Knowledge - INFO - adding /app/data/kaviademo4200/5555/b30548k/CRM-5555/src/main/java/pl/coderslab/web/AdminController.java to ingest queue
2025-10-14 07:15:03,721 - Knowledge - INFO - persist ingested knowledge for /app/data/kaviademo4200/5555/b30548k/CRM-5555/src/main/java/pl/coderslab/entity/Role.java
2025-10-14 07:15:03,817 - Knowledge - INFO - persist ingested knowledge for /app/data/kaviademo4200/5555/b30548k/CRM-5555/src/main/java/pl/coderslab/entity/Address.java
2025-10-14 07:15:03,897 - Knowledge - INFO - persist ingested knowledge for /app/data/kaviademo4200/5555/b30548k/CRM-5555/src/main/java/pl/coderslab/entity/Contract.java
2025-10-14 07:15:03,987 - Knowledge - INFO - persist ingested knowledge for /app/data/kaviademo4200/5555/b30548k/CRM-5555/src/main/java/pl/coderslab/entity/ContactPerson.java
2025-10-14 07:15:04,188 - Knowledge - INFO - knowledge worker kw30 start
2025-10-14 07:15:04,274 - Knowledge - INFO - persist ingested knowledge for /app/data/kaviademo4200/5555/b30548k/CRM-5555/src/main/java/pl/coderslab/entity/Notification.java
2025-10-14 07:15:04,386 - Knowledge - INFO - persist ingested knowledge for /app/data/kaviademo4200/5555/b30548k/CRM-5555/src/main/java/pl/coderslab/entity/Company.java
2025-10-14 07:15:04,683 - Knowledge - INFO - worker kw28 pull /app/data/kaviademo4200/5555/b30548k/CRM-5555/src/main/resources/static/js/main.js from ingest queue
2025-10-14 07:15:04,684 - Knowledge - INFO - worker kw19 pull /app/data/kaviademo4200/5555/b30548k/CRM-5555/src/main/resources/static/js/jquery-3.2.1.min.js from ingest queue
2025-10-14 07:15:04,685 - Knowledge - INFO - Found code-base-name: https://github.com/kavia-common/CRM-5555.git:kavia-master
2025-10-14 07:15:04,685 - Knowledge - INFO - adding /app/data/kaviademo4200/5555/b30548k/CRM-5555/src/main/java/pl/coderslab/service/ClientServiceImpl.java to ingest queue
2025-10-14 07:15:05,498 - Knowledge - INFO - process ingested knowledge for /app/data/kaviademo4200/5555/b30548k/CRM-5555/src/main/resources/static/js/main.js
2025-10-14 07:15:05,617 - Knowledge - INFO - process ingested knowledge for /app/data/kaviademo4200/5555/b30548k/CRM-5555/src/main/resources/static/js/jquery-3.2.1.min.js
2025-10-14 07:15:05,665 - Knowledge - INFO - Found code_base: <app.utils.kg_build.knowledge.KnowledgeCodeBase object at 0x7f2391739010>
2025-10-14 07:15:05,748 - Knowledge - INFO - worker kw27 pull /app/data/kaviademo4200/5555/b30548k/CRM-5555/src/main/resources/static/js/plugins/jquery.dataTables.min.js from ingest queue
2025-10-14 07:15:05,748 - Knowledge - INFO - adding /app/data/kaviademo4200/5555/b30548k/CRM-5555/src/main/java/pl/coderslab/service/UserServiceImpl.java to ingest queue
2025-10-14 07:15:06,011 - Knowledge - INFO - persist ingested knowledge for /app/data/kaviademo4200/5555/b30548k/CRM-5555/src/main/java/pl/coderslab/entity/Event.java
2025-10-14 07:15:06,159 - Knowledge - INFO - process ingested knowledge for /app/data/kaviademo4200/5555/b30548k/CRM-5555/src/main/resources/static/js/plugins/jquery.dataTables.min.js
2025-10-14 07:15:06,253 - Knowledge - INFO - adding /app/data/kaviademo4200/5555/b30548k/CRM-5555/src/main/java/pl/coderslab/service/CsvImportExportService.java to ingest queue
2025-10-14 07:15:06,536 - Knowledge - INFO - worker kw29 pull /app/data/kaviademo4200/5555/b30548k/CRM-5555/src/main/resources/static/js/plugins/bootstrap-datepicker.min.js from ingest queue
2025-10-14 07:15:06,537 - Knowledge - INFO - adding /app/data/kaviademo4200/5555/b30548k/CRM-5555/src/main/java/pl/coderslab/service/PdfService.java to ingest queue
2025-10-14 07:15:06,644 - Knowledge - INFO - process ingested knowledge for /app/data/kaviademo4200/5555/b30548k/CRM-5555/src/main/resources/static/js/plugins/bootstrap-datepicker.min.js
2025-10-14 07:15:06,737 - Knowledge - INFO - adding /app/data/kaviademo4200/5555/b30548k/CRM-5555/src/main/java/pl/coderslab/service/AddressService.java to ingest queue
2025-10-14 07:15:06,904 - Knowledge - INFO - Found code-base-name: https://github.com/kavia-common/CRM-5555.git:kavia-master
2025-10-14 07:15:06,904 - Knowledge - INFO - adding /app/data/kaviademo4200/5555/b30548k/CRM-5555/src/main/java/pl/coderslab/service/ContractService.java to ingest queue
2025-10-14 07:15:06,984 - Knowledge - INFO - Found code_base: <app.utils.kg_build.knowledge.KnowledgeCodeBase object at 0x7f2391739010>
2025-10-14 07:15:07,075 - Knowledge - INFO - worker kw18 pull /app/data/kaviademo4200/5555/b30548k/CRM-5555/src/main/resources/static/js/plugins/fullcalendar.min.js from ingest queue
2025-10-14 07:15:07,076 - Knowledge - INFO - adding /app/data/kaviademo4200/5555/b30548k/CRM-5555/src/main/java/pl/coderslab/entity/Report.java to ingest queue
2025-10-14 07:15:07,196 - Knowledge - INFO - persist ingested knowledge for /app/data/kaviademo4200/5555/b30548k/CRM-5555/src/main/java/pl/coderslab/entity/User.java
2025-10-14 07:15:07,305 - Knowledge - INFO - process ingested knowledge for /app/data/kaviademo4200/5555/b30548k/CRM-5555/src/main/resources/static/js/plugins/fullcalendar.min.js
2025-10-14 07:15:07,351 - Knowledge - INFO - worker kw16 pull /app/data/kaviademo4200/5555/b30548k/CRM-5555/src/main/resources/static/js/plugins/pace.min.js from ingest queue
2025-10-14 07:15:07,352 - Knowledge - INFO - Found code-base-name: https://github.com/kavia-common/CRM-5555.git:kavia-master
2025-10-14 07:15:07,352 - Knowledge - INFO - worker kw11 pull /app/data/kaviademo4200/5555/b30548k/CRM-5555/src/main/resources/static/js/plugins/dataTables.bootstrap.min.js from ingest queue
2025-10-14 07:15:07,353 - Knowledge - INFO - Found code-base-name: https://github.com/kavia-common/CRM-5555.git:kavia-master
2025-10-14 07:15:07,353 - Knowledge - INFO - adding /app/data/kaviademo4200/5555/b30548k/CRM-5555/src/main/java/pl/coderslab/service/NotificationService.java to ingest queue
2025-10-14 07:15:07,659 - Knowledge - INFO - process ingested knowledge for /app/data/kaviademo4200/5555/b30548k/CRM-5555/src/main/resources/static/js/plugins/pace.min.js
2025-10-14 07:15:07,730 - Knowledge - INFO - Found code_base: <app.utils.kg_build.knowledge.KnowledgeCodeBase object at 0x7f2391739010>
2025-10-14 07:15:07,840 - Knowledge - INFO - process ingested knowledge for /app/data/kaviademo4200/5555/b30548k/CRM-5555/src/main/resources/static/js/plugins/dataTables.bootstrap.min.js
2025-10-14 07:15:07,937 - Knowledge - INFO - Found code_base: <app.utils.kg_build.knowledge.KnowledgeCodeBase object at 0x7f2391739010>
2025-10-14 07:15:08,050 - Knowledge - INFO - worker kw7 pull /app/data/kaviademo4200/5555/b30548k/CRM-5555/src/main/resources/static/js/plugins/jquery-ui.custom.min.js from ingest queue
2025-10-14 07:15:08,190 - Knowledge - INFO - worker kw30 pull /app/data/kaviademo4200/5555/b30548k/CRM-5555/src/main/resources/static/js/plugins/bootstrap-notify.min.js from ingest queue
2025-10-14 07:15:08,251 - Knowledge - INFO - persist ingested knowledge for /app/data/kaviademo4200/5555/b30548k/CRM-5555/src/main/java/pl/coderslab/SpringDataUserDetailsService.java
2025-10-14 07:15:08,286 - Knowledge - INFO - worker kw10 pull /app/data/kaviademo4200/5555/b30548k/CRM-5555/src/main/resources/static/js/plugins/sweetalert.min.js from ingest queue
2025-10-14 07:15:08,286 - Knowledge - INFO - Found code-base-name: https://github.com/kavia-common/CRM-5555.git:kavia-master
2025-10-14 07:15:08,286 - Knowledge - INFO - worker kw4 pull /app/data/kaviademo4200/5555/b30548k/CRM-5555/src/main/resources/static/js/plugins/moment.min.js from ingest queue
2025-10-14 07:15:08,329 - Knowledge - INFO - worker kw12 pull /app/data/kaviademo4200/5555/b30548k/CRM-5555/src/main/resources/static/js/plugins/chart.js from ingest queue
2025-10-14 07:15:08,329 - Knowledge - INFO - worker kw21 pull /app/data/kaviademo4200/5555/b30548k/CRM-5555/src/main/resources/static/js/plugins/jquery.vmap.world.js from ingest queue
2025-10-14 07:15:08,330 - Knowledge - INFO - Found code-base-name: https://github.com/kavia-common/CRM-5555.git:kavia-master
2025-10-14 07:15:08,330 - Knowledge - INFO - worker kw20 pull /app/data/kaviademo4200/5555/b30548k/CRM-5555/src/main/resources/static/js/plugins/jquery.vmap.sampledata.js from ingest queue
2025-10-14 07:15:08,330 - Knowledge - INFO - Found code-base-name: https://github.com/kavia-common/CRM-5555.git:kavia-master
2025-10-14 07:15:08,424 - Knowledge - INFO - Found code-base-name: https://github.com/kavia-common/CRM-5555.git:kavia-master
2025-10-14 07:15:08,424 - Knowledge - INFO - adding /app/data/kaviademo4200/5555/b30548k/CRM-5555/src/main/java/pl/coderslab/entity/User.java to ingest queue
2025-10-14 07:15:08,436 - Knowledge - INFO - persist ingested knowledge for /app/data/kaviademo4200/5555/b30548k/CRM-5555/src/main/java/pl/coderslab/dto/ClientDto.java
2025-10-14 07:15:08,594 - Knowledge - INFO - process ingested knowledge for /app/data/kaviademo4200/5555/b30548k/CRM-5555/src/main/resources/static/js/plugins/jquery-ui.custom.min.js
2025-10-14 07:15:08,685 - Knowledge - INFO - process ingested knowledge for /app/data/kaviademo4200/5555/b30548k/CRM-5555/src/main/resources/static/js/plugins/bootstrap-notify.min.js
2025-10-14 07:15:08,903 - Knowledge - INFO - process ingested knowledge for /app/data/kaviademo4200/5555/b30548k/CRM-5555/src/main/resources/static/js/plugins/sweetalert.min.js
2025-10-14 07:15:08,977 - Knowledge - INFO - Found code_base: <app.utils.kg_build.knowledge.KnowledgeCodeBase object at 0x7f2391739010>
2025-10-14 07:15:09,104 - Knowledge - INFO - process ingested knowledge for /app/data/kaviademo4200/5555/b30548k/CRM-5555/src/main/resources/static/js/plugins/moment.min.js
2025-10-14 07:15:09,208 - Knowledge - INFO - process ingested knowledge for /app/data/kaviademo4200/5555/b30548k/CRM-5555/src/main/resources/static/js/plugins/chart.js
2025-10-14 07:15:09,304 - Knowledge - INFO - process ingested knowledge for /app/data/kaviademo4200/5555/b30548k/CRM-5555/src/main/resources/static/js/plugins/jquery.vmap.world.js
2025-10-14 07:15:09,390 - Knowledge - INFO - Found code_base: <app.utils.kg_build.knowledge.KnowledgeCodeBase object at 0x7f2391739010>
2025-10-14 07:15:09,510 - Knowledge - INFO - process ingested knowledge for /app/data/kaviademo4200/5555/b30548k/CRM-5555/src/main/resources/static/js/plugins/jquery.vmap.sampledata.js
2025-10-14 07:15:09,571 - Knowledge - INFO - Found code_base: <app.utils.kg_build.knowledge.KnowledgeCodeBase object at 0x7f2391739010>
2025-10-14 07:15:09,687 - Knowledge - INFO - Found code_base: <app.utils.kg_build.knowledge.KnowledgeCodeBase object at 0x7f2391739010>
2025-10-14 07:15:09,808 - Knowledge - INFO - worker kw8 pull /app/data/kaviademo4200/5555/b30548k/CRM-5555/src/main/resources/static/js/plugins/jquery.vmap.min.js from ingest queue
2025-10-14 07:15:09,808 - Knowledge - INFO - adding /app/data/kaviademo4200/5555/b30548k/CRM-5555/src/main/java/pl/coderslab/entity/Role.java to ingest queue
2025-10-14 07:15:10,248 - Knowledge - INFO - persist ingested knowledge for /app/data/kaviademo4200/5555/b30548k/CRM-5555/src/main/resources/static/js/main.js
2025-10-14 07:15:10,665 - Knowledge - INFO - persist ingested knowledge for /app/data/kaviademo4200/5555/b30548k/CRM-5555/src/main/java/pl/coderslab/entity/Client.java
2025-10-14 07:15:10,828 - Knowledge - INFO - persist ingested knowledge for /app/data/kaviademo4200/5555/b30548k/CRM-5555/src/main/java/pl/coderslab/dto/ClientMapper.java
2025-10-14 07:15:10,923 - Knowledge - INFO - persist ingested knowledge for /app/data/kaviademo4200/5555/b30548k/CRM-5555/src/main/resources/static/js/plugins/fullcalendar.min.js
2025-10-14 07:15:11,083 - Knowledge - INFO - process ingested knowledge for /app/data/kaviademo4200/5555/b30548k/CRM-5555/src/main/resources/static/js/plugins/jquery.vmap.min.js
2025-10-14 07:15:11,155 - Knowledge - INFO - Found code-base-name: https://github.com/kavia-common/CRM-5555.git:kavia-master
2025-10-14 07:15:11,156 - Knowledge - INFO - adding /app/data/kaviademo4200/5555/b30548k/CRM-5555/src/main/java/pl/coderslab/entity/ContactPerson.java to ingest queue
2025-10-14 07:15:11,727 - Knowledge - INFO - Found code_base: <app.utils.kg_build.knowledge.KnowledgeCodeBase object at 0x7f2391739010>
2025-10-14 07:15:11,808 - Knowledge - INFO - adding /app/data/kaviademo4200/5555/b30548k/CRM-5555/src/main/java/pl/coderslab/entity/Notification.java to ingest queue
2025-10-14 07:15:11,932 - Knowledge - INFO - persist ingested knowledge for /app/data/kaviademo4200/5555/b30548k/CRM-5555/src/main/resources/static/js/plugins/pace.min.js
2025-10-14 07:15:12,039 - Knowledge - INFO - Found code-base-name: https://github.com/kavia-common/CRM-5555.git:kavia-master
2025-10-14 07:15:12,040 - Knowledge - INFO - adding /app/data/kaviademo4200/5555/b30548k/CRM-5555/src/main/java/pl/coderslab/entity/Company.java to ingest queue
2025-10-14 07:15:12,226 - Knowledge - INFO - Found code_base: <app.utils.kg_build.knowledge.KnowledgeCodeBase object at 0x7f2391739010>
2025-10-14 07:15:12,299 - Knowledge - INFO - Found code-base-name: https://github.com/kavia-common/CRM-5555.git:kavia-master
2025-10-14 07:15:12,302 - Knowledge - INFO - Found code-base-name: https://github.com/kavia-common/CRM-5555.git:kavia-master
2025-10-14 07:15:12,302 - Knowledge - INFO - adding /app/data/kaviademo4200/5555/b30548k/CRM-5555/src/main/java/pl/coderslab/entity/Event.java to ingest queue
2025-10-14 07:15:12,390 - Knowledge - INFO - persist ingested knowledge for /app/data/kaviademo4200/5555/b30548k/CRM-5555/src/main/resources/static/js/jquery-3.2.1.min.js
2025-10-14 07:15:12,511 - Knowledge - INFO - Found code_base: <app.utils.kg_build.knowledge.KnowledgeCodeBase object at 0x7f2391739010>
2025-10-14 07:15:12,620 - Knowledge - INFO - Found code_base: <app.utils.kg_build.knowledge.KnowledgeCodeBase object at 0x7f2391739010>
2025-10-14 07:15:12,736 - Knowledge - INFO - Found code-base-name: https://github.com/kavia-common/CRM-5555.git:kavia-master
2025-10-14 07:15:12,738 - Knowledge - INFO - worker kw23 pull /app/data/kaviademo4200/5555/b30548k/CRM-5555/src/main/resources/static/js/plugins/select2.min.js from ingest queue
2025-10-14 07:15:12,833 - Knowledge - INFO - adding /app/data/kaviademo4200/5555/b30548k/CRM-5555/src/main/java/pl/coderslab/entity/Contract.java to ingest queue
2025-10-14 07:15:12,896 - Knowledge - INFO - persist ingested knowledge for /app/data/kaviademo4200/5555/b30548k/CRM-5555/src/main/resources/static/js/plugins/jquery.dataTables.min.js
2025-10-14 07:15:12,982 - Knowledge - INFO - persist ingested knowledge for /app/data/kaviademo4200/5555/b30548k/CRM-5555/src/main/resources/static/js/plugins/bootstrap-datepicker.min.js
2025-10-14 07:15:13,062 - Knowledge - INFO - Found code_base: <app.utils.kg_build.knowledge.KnowledgeCodeBase object at 0x7f2391739010>
2025-10-14 07:15:13,173 - Knowledge - INFO - process ingested knowledge for /app/data/kaviademo4200/5555/b30548k/CRM-5555/src/main/resources/static/js/plugins/select2.min.js
2025-10-14 07:15:13,252 - Knowledge - INFO - worker kw6 pull /app/data/kaviademo4200/5555/b30548k/CRM-5555/src/main/resources/static/js/popper.min.js from ingest queue
2025-10-14 07:15:13,307 - Knowledge - INFO - Found code-base-name: https://github.com/kavia-common/CRM-5555.git:kavia-master
2025-10-14 07:15:13,308 - Knowledge - INFO - Found code-base-name: https://github.com/kavia-common/CRM-5555.git:kavia-master
2025-10-14 07:15:13,308 - Knowledge - INFO - Found code-base-name: https://github.com/kavia-common/CRM-5555.git:kavia-master
2025-10-14 07:15:13,308 - Knowledge - INFO - Found code-base-name: https://github.com/kavia-common/CRM-5555.git:kavia-master
2025-10-14 07:15:13,308 - Knowledge - INFO - Found code-base-name: https://github.com/kavia-common/CRM-5555.git:kavia-master
2025-10-14 07:15:13,308 - Knowledge - INFO - Found code-base-name: https://github.com/kavia-common/CRM-5555.git:kavia-master
2025-10-14 07:15:13,308 - Knowledge - INFO - worker kw14 pull /app/data/kaviademo4200/5555/b30548k/CRM-5555/src/main/resources/static/js/bootstrap.min.js from ingest queue
2025-10-14 07:15:13,350 - Knowledge - INFO - adding /app/data/kaviademo4200/5555/b30548k/CRM-5555/src/main/resources/static/js/main.js to ingest queue
2025-10-14 07:15:13,528 - Knowledge - INFO - persist ingested knowledge for /app/data/kaviademo4200/5555/b30548k/CRM-5555/src/main/resources/static/css/main.css
2025-10-14 07:15:13,766 - Knowledge - INFO - process ingested knowledge for /app/data/kaviademo4200/5555/b30548k/CRM-5555/src/main/resources/static/js/popper.min.js
2025-10-14 07:15:13,828 - Knowledge - INFO - Found code_base: <app.utils.kg_build.knowledge.KnowledgeCodeBase object at 0x7f2391739010>
2025-10-14 07:15:13,949 - Knowledge - INFO - Found code_base: <app.utils.kg_build.knowledge.KnowledgeCodeBase object at 0x7f2391739010>
2025-10-14 07:15:14,035 - Knowledge - INFO - Found code_base: <app.utils.kg_build.knowledge.KnowledgeCodeBase object at 0x7f2391739010>
2025-10-14 07:15:14,122 - Knowledge - INFO - Found code_base: <app.utils.kg_build.knowledge.KnowledgeCodeBase object at 0x7f2391739010>
2025-10-14 07:15:14,201 - Knowledge - INFO - Found code_base: <app.utils.kg_build.knowledge.KnowledgeCodeBase object at 0x7f2391739010>
2025-10-14 07:15:14,292 - Knowledge - INFO - Found code_base: <app.utils.kg_build.knowledge.KnowledgeCodeBase object at 0x7f2391739010>
2025-10-14 07:15:14,438 - Knowledge - INFO - process ingested knowledge for /app/data/kaviademo4200/5555/b30548k/CRM-5555/src/main/resources/static/js/bootstrap.min.js
2025-10-14 07:15:14,560 - Knowledge - INFO - Found code-base-name: https://github.com/kavia-common/CRM-5555.git:kavia-master
2025-10-14 07:15:14,561 - Knowledge - INFO - worker kw24 pull /app/data/kaviademo4200/5555/b30548k/CRM-5555/src/main/resources/templates/employee/result.html from ingest queue
2025-10-14 07:15:14,561 - Knowledge - INFO - worker kw1 pull /app/data/kaviademo4200/5555/b30548k/CRM-5555/src/main/resources/templates/employee/search.html from ingest queue
2025-10-14 07:15:14,561 - Knowledge - INFO - worker kw5 pull /app/data/kaviademo4200/5555/b30548k/CRM-5555/src/main/resources/templates/event/result.html from ingest queue
2025-10-14 07:15:14,561 - Knowledge - INFO - adding /app/data/kaviademo4200/5555/b30548k/CRM-5555/src/main/java/pl/coderslab/entity/Office.java to ingest queue
2025-10-14 07:15:14,835 - Knowledge - INFO - persist ingested knowledge for /app/data/kaviademo4200/5555/b30548k/CRM-5555/src/main/resources/static/js/plugins/bootstrap-notify.min.js
2025-10-14 07:15:14,952 - Knowledge - INFO - persist ingested knowledge for /app/data/kaviademo4200/5555/b30548k/CRM-5555/src/main/resources/static/js/plugins/sweetalert.min.js
2025-10-14 07:15:15,027 - Knowledge - INFO - persist ingested knowledge for /app/data/kaviademo4200/5555/b30548k/CRM-5555/src/main/resources/static/js/plugins/moment.min.js
2025-10-14 07:15:15,128 - Knowledge - INFO - persist ingested knowledge for /app/data/kaviademo4200/5555/b30548k/CRM-5555/src/main/resources/static/js/plugins/chart.js
2025-10-14 07:15:15,244 - Knowledge - INFO - persist ingested knowledge for /app/data/kaviademo4200/5555/b30548k/CRM-5555/src/main/resources/static/js/plugins/jquery.vmap.world.js
2025-10-14 07:15:15,351 - Knowledge - INFO - persist ingested knowledge for /app/data/kaviademo4200/5555/b30548k/CRM-5555/src/main/resources/static/js/plugins/jquery.vmap.sampledata.js
2025-10-14 07:15:15,534 - Knowledge - INFO - Found code_base: <app.utils.kg_build.knowledge.KnowledgeCodeBase object at 0x7f2391739010>
2025-10-14 07:15:15,667 - Knowledge - INFO - process ingested knowledge for /app/data/kaviademo4200/5555/b30548k/CRM-5555/src/main/resources/templates/employee/result.html
2025-10-14 07:15:15,753 - Knowledge - INFO - process ingested knowledge for /app/data/kaviademo4200/5555/b30548k/CRM-5555/src/main/resources/templates/employee/search.html
2025-10-14 07:15:15,843 - Knowledge - INFO - process ingested knowledge for /app/data/kaviademo4200/5555/b30548k/CRM-5555/src/main/resources/templates/event/result.html
2025-10-14 07:15:15,919 - Knowledge - INFO - Found code-base-name: https://github.com/kavia-common/CRM-5555.git:kavia-master
2025-10-14 07:15:15,919 - Knowledge - INFO - adding /app/data/kaviademo4200/5555/b30548k/CRM-5555/src/main/java/pl/coderslab/entity/Address.java to ingest queue
2025-10-14 07:15:16,549 - Knowledge - INFO - persist ingested knowledge for /app/data/kaviademo4200/5555/b30548k/CRM-5555/src/main/resources/static/js/plugins/jquery.vmap.min.js
2025-10-14 07:15:16,944 - Knowledge - INFO - Found code_base: <app.utils.kg_build.knowledge.KnowledgeCodeBase object at 0x7f2391739010>
2025-10-14 07:15:17,116 - Knowledge - INFO - adding /app/data/kaviademo4200/5555/b30548k/CRM-5555/src/main/java/pl/coderslab/SpringDataUserDetailsService.java to ingest queue
2025-10-14 07:15:17,258 - Knowledge - INFO - persist ingested knowledge for /app/data/kaviademo4200/5555/b30548k/CRM-5555/src/main/resources/static/js/plugins/dataTables.bootstrap.min.js
2025-10-14 07:15:17,349 - Knowledge - INFO - Found code-base-name: https://github.com/kavia-common/CRM-5555.git:kavia-master
2025-10-14 07:15:17,350 - Knowledge - INFO - worker kw15 pull /app/data/kaviademo4200/5555/b30548k/CRM-5555/src/main/resources/templates/event/new.html from ingest queue
2025-10-14 07:15:17,350 - Knowledge - INFO - adding /app/data/kaviademo4200/5555/b30548k/CRM-5555/src/main/java/pl/coderslab/dto/ClientDto.java to ingest queue
2025-10-14 07:15:17,535 - Knowledge - INFO - Found code_base: <app.utils.kg_build.knowledge.KnowledgeCodeBase object at 0x7f2391739010>
2025-10-14 07:15:17,645 - Knowledge - INFO - process ingested knowledge for /app/data/kaviademo4200/5555/b30548k/CRM-5555/src/main/resources/templates/event/new.html
2025-10-14 07:15:17,810 - Knowledge - INFO - persist ingested knowledge for /app/data/kaviademo4200/5555/b30548k/CRM-5555/src/main/resources/static/js/plugins/jquery-ui.custom.min.js
2025-10-14 07:15:17,865 - Knowledge - INFO - Found code-base-name: https://github.com/kavia-common/CRM-5555.git:kavia-master
2025-10-14 07:15:17,865 - Knowledge - INFO - worker kw28 pull /app/data/kaviademo4200/5555/b30548k/CRM-5555/src/main/resources/templates/contract/result.html from ingest queue
2025-10-14 07:15:17,910 - Knowledge - INFO - worker kw25 pull /app/data/kaviademo4200/5555/b30548k/CRM-5555/src/main/resources/templates/contract/new.html from ingest queue
2025-10-14 07:15:17,963 - Knowledge - INFO - Found code-base-name: https://github.com/kavia-common/CRM-5555.git:kavia-master
2025-10-14 07:15:17,963 - Knowledge - INFO - worker kw22 pull /app/data/kaviademo4200/5555/b30548k/CRM-5555/src/main/resources/templates/layout.html from ingest queue
2025-10-14 07:15:18,116 - Knowledge - INFO - Found code_base: <app.utils.kg_build.knowledge.KnowledgeCodeBase object at 0x7f2391739010>
2025-10-14 07:15:18,195 - Knowledge - INFO - Found code-base-name: https://github.com/kavia-common/CRM-5555.git:kavia-master
2025-10-14 07:15:18,196 - Knowledge - INFO - Found code-base-name: https://github.com/kavia-common/CRM-5555.git:kavia-master
2025-10-14 07:15:18,196 - Knowledge - INFO - Found code-base-name: https://github.com/kavia-common/CRM-5555.git:kavia-master
2025-10-14 07:15:18,196 - Knowledge - INFO - worker kw2 pull /app/data/kaviademo4200/5555/b30548k/CRM-5555/src/main/resources/templates/admin/success.html from ingest queue
2025-10-14 07:15:18,196 - Knowledge - INFO - adding /app/data/kaviademo4200/5555/b30548k/CRM-5555/src/main/resources/static/js/jquery-3.2.1.min.js to ingest queue
2025-10-14 07:15:18,240 - Knowledge - INFO - process ingested knowledge for /app/data/kaviademo4200/5555/b30548k/CRM-5555/src/main/resources/templates/contract/result.html
2025-10-14 07:15:18,335 - Knowledge - INFO - process ingested knowledge for /app/data/kaviademo4200/5555/b30548k/CRM-5555/src/main/resources/templates/contract/new.html
2025-10-14 07:15:18,420 - Knowledge - INFO - Found code_base: <app.utils.kg_build.knowledge.KnowledgeCodeBase object at 0x7f2391739010>
2025-10-14 07:15:18,559 - Knowledge - INFO - process ingested knowledge for /app/data/kaviademo4200/5555/b30548k/CRM-5555/src/main/resources/templates/layout.html
2025-10-14 07:15:18,616 - Knowledge - INFO - persist ingested knowledge for /app/data/kaviademo4200/5555/b30548k/CRM-5555/src/main/resources/static/js/plugins/select2.min.js
2025-10-14 07:15:18,727 - Knowledge - INFO - Found code_base: <app.utils.kg_build.knowledge.KnowledgeCodeBase object at 0x7f2391739010>
2025-10-14 07:15:18,812 - Knowledge - INFO - Found code_base: <app.utils.kg_build.knowledge.KnowledgeCodeBase object at 0x7f2391739010>
2025-10-14 07:15:18,893 - Knowledge - INFO - Found code_base: <app.utils.kg_build.knowledge.KnowledgeCodeBase object at 0x7f2391739010>
2025-10-14 07:15:19,004 - Knowledge - INFO - process ingested knowledge for /app/data/kaviademo4200/5555/b30548k/CRM-5555/src/main/resources/templates/admin/success.html
2025-10-14 07:15:19,101 - Knowledge - INFO - worker kw26 pull /app/data/kaviademo4200/5555/b30548k/CRM-5555/src/main/resources/templates/admin/addUser.html from ingest queue
2025-10-14 07:15:19,147 - Knowledge - INFO - adding /app/data/kaviademo4200/5555/b30548k/CRM-5555/src/main/resources/static/js/plugins/jquery.dataTables.min.js to ingest queue
2025-10-14 07:15:19,365 - Knowledge - INFO - persist ingested knowledge for /app/data/kaviademo4200/5555/b30548k/CRM-5555/src/main/resources/static/js/bootstrap.min.js
2025-10-14 07:15:19,677 - Knowledge - INFO - persist ingested knowledge for /app/data/kaviademo4200/5555/b30548k/CRM-5555/src/main/resources/templates/employee/result.html
2025-10-14 07:15:19,762 - Knowledge - INFO - persist ingested knowledge for /app/data/kaviademo4200/5555/b30548k/CRM-5555/src/main/resources/templates/employee/search.html
2025-10-14 07:15:19,875 - Knowledge - INFO - persist ingested knowledge for /app/data/kaviademo4200/5555/b30548k/CRM-5555/src/main/resources/templates/event/result.html
2025-10-14 07:15:20,149 - Knowledge - INFO - process ingested knowledge for /app/data/kaviademo4200/5555/b30548k/CRM-5555/src/main/resources/templates/admin/addUser.html
2025-10-14 07:15:20,234 - Knowledge - INFO - worker kw27 pull /app/data/kaviademo4200/5555/b30548k/CRM-5555/src/main/resources/templates/import/show.html from ingest queue
2025-10-14 07:15:20,235 - Knowledge - INFO - adding /app/data/kaviademo4200/5555/b30548k/CRM-5555/src/main/java/pl/coderslab/dto/ClientMapper.java to ingest queue
2025-10-14 07:15:20,835 - Knowledge - INFO - process ingested knowledge for /app/data/kaviademo4200/5555/b30548k/CRM-5555/src/main/resources/templates/import/show.html
2025-10-14 07:15:20,921 - Knowledge - INFO - Found code-base-name: https://github.com/kavia-common/CRM-5555.git:kavia-master
2025-10-14 07:15:20,921 - Knowledge - INFO - adding /app/data/kaviademo4200/5555/b30548k/CRM-5555/src/main/resources/static/js/plugins/pace.min.js to ingest queue
2025-10-14 07:15:21,108 - Knowledge - INFO - Found code_base: <app.utils.kg_build.knowledge.KnowledgeCodeBase object at 0x7f2391739010>
2025-10-14 07:15:21,207 - Knowledge - INFO - Found code-base-name: https://github.com/kavia-common/CRM-5555.git:kavia-master
2025-10-14 07:15:21,258 - Knowledge - INFO - adding /app/data/kaviademo4200/5555/b30548k/CRM-5555/src/main/resources/static/css/main.css to ingest queue
2025-10-14 07:15:21,288 - Knowledge - INFO - persist ingested knowledge for /app/data/kaviademo4200/5555/b30548k/CRM-5555/src/main/resources/static/js/popper.min.js
2025-10-14 07:15:21,405 - Knowledge - INFO - Found code_base: <app.utils.kg_build.knowledge.KnowledgeCodeBase object at 0x7f2391739010>
2025-10-14 07:15:21,491 - Knowledge - INFO - adding /app/data/kaviademo4200/5555/b30548k/CRM-5555/src/main/resources/static/js/plugins/sweetalert.min.js to ingest queue
2025-10-14 07:15:21,691 - Knowledge - INFO - persist ingested knowledge for /app/data/kaviademo4200/5555/b30548k/CRM-5555/src/main/resources/templates/event/new.html
2025-10-14 07:15:21,858 - Knowledge - INFO - adding /app/data/kaviademo4200/5555/b30548k/CRM-5555/src/main/resources/static/js/plugins/moment.min.js to ingest queue
2025-10-14 07:15:22,005 - Knowledge - INFO - adding /app/data/kaviademo4200/5555/b30548k/CRM-5555/src/main/resources/static/js/plugins/chart.js to ingest queue
2025-10-14 07:15:22,096 - Knowledge - INFO - adding /app/data/kaviademo4200/5555/b30548k/CRM-5555/src/main/resources/static/js/plugins/jquery.vmap.world.js to ingest queue
2025-10-14 07:15:22,238 - Knowledge - INFO - adding /app/data/kaviademo4200/5555/b30548k/CRM-5555/src/main/resources/static/js/plugins/jquery.vmap.sampledata.js to ingest queue
2025-10-14 07:15:22,400 - Knowledge - INFO - worker kw19 pull /app/data/kaviademo4200/5555/b30548k/CRM-5555/src/main/resources/templates/import/getFilename.html from ingest queue
2025-10-14 07:15:22,400 - Knowledge - INFO - worker kw17 pull /app/data/kaviademo4200/5555/b30548k/CRM-5555/src/main/resources/templates/manager/result.html from ingest queue
2025-10-14 07:15:22,401 - Knowledge - INFO - adding /app/data/kaviademo4200/5555/b30548k/CRM-5555/src/main/resources/static/js/plugins/dataTables.bootstrap.min.js to ingest queue
2025-10-14 07:15:22,549 - Knowledge - INFO - process ingested knowledge for /app/data/kaviademo4200/5555/b30548k/CRM-5555/src/main/resources/templates/import/getFilename.html
2025-10-14 07:15:22,659 - Knowledge - INFO - process ingested knowledge for /app/data/kaviademo4200/5555/b30548k/CRM-5555/src/main/resources/templates/manager/result.html
2025-10-14 07:15:22,731 - Knowledge - INFO - Found code-base-name: https://github.com/kavia-common/CRM-5555.git:kavia-master
2025-10-14 07:15:22,731 - Knowledge - INFO - Found code-base-name: https://github.com/kavia-common/CRM-5555.git:kavia-master
2025-10-14 07:15:22,787 - Knowledge - INFO - Found code-base-name: https://github.com/kavia-common/CRM-5555.git:kavia-master
2025-10-14 07:15:22,787 - Knowledge - INFO - adding /app/data/kaviademo4200/5555/b30548k/CRM-5555/src/main/resources/static/js/plugins/bootstrap-datepicker.min.js to ingest queue
2025-10-14 07:15:23,062 - Knowledge - INFO - Found code_base: <app.utils.kg_build.knowledge.KnowledgeCodeBase object at 0x7f2391739010>
2025-10-14 07:15:23,184 - Knowledge - INFO - Found code_base: <app.utils.kg_build.knowledge.KnowledgeCodeBase object at 0x7f2391739010>
2025-10-14 07:15:23,265 - Knowledge - INFO - Found code_base: <app.utils.kg_build.knowledge.KnowledgeCodeBase object at 0x7f2391739010>
2025-10-14 07:15:23,346 - Knowledge - INFO - adding /app/data/kaviademo4200/5555/b30548k/CRM-5555/src/main/resources/static/js/plugins/fullcalendar.min.js to ingest queue
2025-10-14 07:15:23,508 - Knowledge - INFO - persist ingested knowledge for /app/data/kaviademo4200/5555/b30548k/CRM-5555/src/main/resources/templates/contract/new.html
2025-10-14 07:15:23,616 - Knowledge - INFO - persist ingested knowledge for /app/data/kaviademo4200/5555/b30548k/CRM-5555/src/main/resources/templates/layout.html
2025-10-14 07:15:23,725 - Knowledge - INFO - persist ingested knowledge for /app/data/kaviademo4200/5555/b30548k/CRM-5555/src/main/resources/templates/admin/success.html
2025-10-14 07:15:24,019 - Knowledge - INFO - Found code-base-name: https://github.com/kavia-common/CRM-5555.git:kavia-master
2025-10-14 07:15:24,019 - Knowledge - INFO - worker kw3 pull /app/data/kaviademo4200/5555/b30548k/CRM-5555/src/main/resources/templates/manager/search.html from ingest queue
2025-10-14 07:15:24,019 - Knowledge - INFO - Found code-base-name: https://github.com/kavia-common/CRM-5555.git:kavia-master
2025-10-14 07:15:24,019 - Knowledge - INFO - adding /app/data/kaviademo4200/5555/b30548k/CRM-5555/src/main/resources/static/js/plugins/bootstrap-notify.min.js to ingest queue
2025-10-14 07:15:24,257 - Knowledge - INFO - Found code_base: <app.utils.kg_build.knowledge.KnowledgeCodeBase object at 0x7f2391739010>
2025-10-14 07:15:24,400 - Knowledge - INFO - process ingested knowledge for /app/data/kaviademo4200/5555/b30548k/CRM-5555/src/main/resources/templates/manager/search.html
2025-10-14 07:15:24,477 - Knowledge - INFO - Found code_base: <app.utils.kg_build.knowledge.KnowledgeCodeBase object at 0x7f2391739010>
2025-10-14 07:15:24,574 - Knowledge - INFO - worker kw9 pull /app/data/kaviademo4200/5555/b30548k/CRM-5555/src/main/resources/templates/index.html from ingest queue
2025-10-14 07:15:24,626 - Knowledge - INFO - adding /app/data/kaviademo4200/5555/b30548k/CRM-5555/src/main/resources/static/js/popper.min.js to ingest queue
2025-10-14 07:15:24,686 - Knowledge - INFO - persist ingested knowledge for /app/data/kaviademo4200/5555/b30548k/CRM-5555/src/main/resources/templates/admin/addUser.html
2025-10-14 07:15:24,885 - Knowledge - INFO - persist ingested knowledge for /app/data/kaviademo4200/5555/b30548k/CRM-5555/src/main/resources/templates/import/show.html
2025-10-14 07:15:24,995 - Knowledge - INFO - process ingested knowledge for /app/data/kaviademo4200/5555/b30548k/CRM-5555/src/main/resources/templates/index.html
2025-10-14 07:15:25,104 - Knowledge - INFO - worker kw4 pull /app/data/kaviademo4200/5555/b30548k/CRM-5555/src/main/resources/templates/client/editClient.html from ingest queue
2025-10-14 07:15:25,105 - Knowledge - INFO - worker kw12 pull /app/data/kaviademo4200/5555/b30548k/CRM-5555/src/main/resources/templates/client/clientDetails.html from ingest queue
2025-10-14 07:15:25,105 - Knowledge - INFO - worker kw20 pull /app/data/kaviademo4200/5555/b30548k/CRM-5555/src/main/resources/templates/client/success.html from ingest queue
2025-10-14 07:15:25,105 - Knowledge - INFO - Found code-base-name: https://github.com/kavia-common/CRM-5555.git:kavia-master
2025-10-14 07:15:25,105 - Knowledge - INFO - worker kw11 pull /app/data/kaviademo4200/5555/b30548k/CRM-5555/src/main/resources/templates/client/addSimilarClient.html from ingest queue
2025-10-14 07:15:25,105 - Knowledge - INFO - Found code-base-name: https://github.com/kavia-common/CRM-5555.git:kavia-master
2025-10-14 07:15:25,105 - Knowledge - INFO - Found code-base-name: https://github.com/kavia-common/CRM-5555.git:kavia-master
2025-10-14 07:15:25,105 - Knowledge - INFO - worker kw29 pull /app/data/kaviademo4200/5555/b30548k/CRM-5555/src/main/resources/templates/client/addClient.html from ingest queue
2025-10-14 07:15:25,106 - Knowledge - INFO - worker kw18 pull /app/data/kaviademo4200/5555/b30548k/CRM-5555/doc/script.js from ingest queue
2025-10-14 07:15:25,152 - Knowledge - INFO - adding /app/data/kaviademo4200/5555/b30548k/CRM-5555/src/main/resources/templates/employee/search.html to ingest queue
2025-10-14 07:15:25,445 - Knowledge - INFO - process ingested knowledge for /app/data/kaviademo4200/5555/b30548k/CRM-5555/src/main/resources/templates/client/editClient.html
2025-10-14 07:15:25,563 - Knowledge - INFO - process ingested knowledge for /app/data/kaviademo4200/5555/b30548k/CRM-5555/src/main/resources/templates/client/clientDetails.html
2025-10-14 07:15:25,663 - Knowledge - INFO - process ingested knowledge for /app/data/kaviademo4200/5555/b30548k/CRM-5555/src/main/resources/templates/client/success.html
2025-10-14 07:15:25,731 - Knowledge - INFO - Found code_base: <app.utils.kg_build.knowledge.KnowledgeCodeBase object at 0x7f2391739010>
2025-10-14 07:15:25,862 - Knowledge - INFO - process ingested knowledge for /app/data/kaviademo4200/5555/b30548k/CRM-5555/src/main/resources/templates/client/addSimilarClient.html
2025-10-14 07:15:25,948 - Knowledge - INFO - Found code_base: <app.utils.kg_build.knowledge.KnowledgeCodeBase object at 0x7f2391739010>
2025-10-14 07:15:26,058 - Knowledge - INFO - Found code_base: <app.utils.kg_build.knowledge.KnowledgeCodeBase object at 0x7f2391739010>
2025-10-14 07:15:26,184 - Knowledge - INFO - process ingested knowledge for /app/data/kaviademo4200/5555/b30548k/CRM-5555/src/main/resources/templates/client/addClient.html
2025-10-14 07:15:26,265 - Knowledge - INFO - process ingested knowledge for /app/data/kaviademo4200/5555/b30548k/CRM-5555/doc/script.js
2025-10-14 07:15:26,332 - Knowledge - INFO - adding /app/data/kaviademo4200/5555/b30548k/CRM-5555/src/main/resources/templates/event/result.html to ingest queue
2025-10-14 07:15:26,730 - Knowledge - INFO - persist ingested knowledge for /app/data/kaviademo4200/5555/b30548k/CRM-5555/src/main/resources/templates/contract/result.html
2025-10-14 07:15:26,919 - Knowledge - INFO - persist ingested knowledge for /app/data/kaviademo4200/5555/b30548k/CRM-5555/src/main/resources/templates/import/getFilename.html
2025-10-14 07:15:27,004 - Knowledge - INFO - persist ingested knowledge for /app/data/kaviademo4200/5555/b30548k/CRM-5555/src/main/resources/templates/manager/result.html
2025-10-14 07:15:27,308 - Knowledge - INFO - worker kw16 pull /app/data/kaviademo4200/5555/b30548k/CRM-5555/doc/index-files/index-4.html from ingest queue
2025-10-14 07:15:27,362 - Knowledge - INFO - worker kw30 pull /app/data/kaviademo4200/5555/b30548k/CRM-5555/doc/index-files/index-2.html from ingest queue
2025-10-14 07:15:27,362 - Knowledge - INFO - worker kw10 pull /app/data/kaviademo4200/5555/b30548k/CRM-5555/doc/index-files/index-1.html from ingest queue
2025-10-14 07:15:27,363 - Knowledge - INFO - Found code-base-name: https://github.com/kavia-common/CRM-5555.git:kavia-master
2025-10-14 07:15:27,363 - Knowledge - INFO - worker kw21 pull /app/data/kaviademo4200/5555/b30548k/CRM-5555/doc/index-files/index-3.html from ingest queue
2025-10-14 07:15:27,363 - Knowledge - INFO - adding /app/data/kaviademo4200/5555/b30548k/CRM-5555/src/main/resources/templates/event/new.html to ingest queue
2025-10-14 07:15:27,812 - Knowledge - INFO - process ingested knowledge for /app/data/kaviademo4200/5555/b30548k/CRM-5555/doc/index-files/index-4.html
2025-10-14 07:15:27,894 - Knowledge - INFO - process ingested knowledge for /app/data/kaviademo4200/5555/b30548k/CRM-5555/doc/index-files/index-2.html
2025-10-14 07:15:27,970 - Knowledge - INFO - process ingested knowledge for /app/data/kaviademo4200/5555/b30548k/CRM-5555/doc/index-files/index-1.html
2025-10-14 07:15:28,019 - Knowledge - INFO - Found code_base: <app.utils.kg_build.knowledge.KnowledgeCodeBase object at 0x7f2391739010>
2025-10-14 07:15:28,169 - Knowledge - INFO - process ingested knowledge for /app/data/kaviademo4200/5555/b30548k/CRM-5555/doc/index-files/index-3.html
2025-10-14 07:15:28,213 - Knowledge - INFO - adding /app/data/kaviademo4200/5555/b30548k/CRM-5555/src/main/java/pl/coderslab/entity/Client.java to ingest queue
2025-10-14 07:15:28,592 - Knowledge - INFO - persist ingested knowledge for /app/data/kaviademo4200/5555/b30548k/CRM-5555/src/main/resources/templates/manager/search.html
2025-10-14 07:15:28,772 - Knowledge - INFO - adding /app/data/kaviademo4200/5555/b30548k/CRM-5555/src/main/resources/static/js/plugins/select2.min.js to ingest queue
2025-10-14 07:15:28,977 - Knowledge - INFO - adding /app/data/kaviademo4200/5555/b30548k/CRM-5555/src/main/resources/static/js/bootstrap.min.js to ingest queue
2025-10-14 07:15:29,062 - Knowledge - INFO - adding /app/data/kaviademo4200/5555/b30548k/CRM-5555/src/main/resources/templates/employee/result.html to ingest queue
2025-10-14 07:15:29,203 - Knowledge - INFO - adding /app/data/kaviademo4200/5555/b30548k/CRM-5555/src/main/resources/templates/contract/new.html to ingest queue
2025-10-14 07:15:29,343 - Knowledge - INFO - Found code-base-name: https://github.com/kavia-common/CRM-5555.git:kavia-master
2025-10-14 07:15:29,345 - Knowledge - INFO - worker kw1 pull /app/data/kaviademo4200/5555/b30548k/CRM-5555/doc/pl/coderslab/service/class-use/NotificationService.html from ingest queue
2025-10-14 07:15:29,345 - Knowledge - INFO - Found code-base-name: https://github.com/kavia-common/CRM-5555.git:kavia-master
2025-10-14 07:15:29,345 - Knowledge - INFO - Found code-base-name: https://github.com/kavia-common/CRM-5555.git:kavia-master
2025-10-14 07:15:29,345 - Knowledge - INFO - Found code-base-name: https://github.com/kavia-common/CRM-5555.git:kavia-master
2025-10-14 07:15:29,345 - Knowledge - INFO - Found code-base-name: https://github.com/kavia-common/CRM-5555.git:kavia-master
2025-10-14 07:15:29,345 - Knowledge - INFO - Found code-base-name: https://github.com/kavia-common/CRM-5555.git:kavia-master
2025-10-14 07:15:29,397 - Knowledge - INFO - worker kw5 pull /app/data/kaviademo4200/5555/b30548k/CRM-5555/doc/pl/coderslab/service/package-tree.html from ingest queue
2025-10-14 07:15:29,397 - Knowledge - INFO - adding /app/data/kaviademo4200/5555/b30548k/CRM-5555/src/main/resources/templates/layout.html to ingest queue
2025-10-14 07:15:29,432 - Knowledge - INFO - Found code_base: <app.utils.kg_build.knowledge.KnowledgeCodeBase object at 0x7f2391739010>
2025-10-14 07:15:30,377 - Knowledge - INFO - persist ingested knowledge for /app/data/kaviademo4200/5555/b30548k/CRM-5555/src/main/resources/templates/index.html
2025-10-14 07:15:29,667 - Knowledge - INFO - Found code_base: <app.utils.kg_build.knowledge.KnowledgeCodeBase object at 0x7f2391739010>
2025-10-14 07:15:29,767 - Knowledge - INFO - Found code_base: <app.utils.kg_build.knowledge.KnowledgeCodeBase object at 0x7f2391739010>
2025-10-14 07:15:29,880 - Knowledge - INFO - Found code_base: <app.utils.kg_build.knowledge.KnowledgeCodeBase object at 0x7f2391739010>
2025-10-14 07:15:29,961 - Knowledge - INFO - Found code_base: <app.utils.kg_build.knowledge.KnowledgeCodeBase object at 0x7f2391739010>
2025-10-14 07:15:30,047 - Knowledge - INFO - Found code_base: <app.utils.kg_build.knowledge.KnowledgeCodeBase object at 0x7f2391739010>
2025-10-14 07:15:30,174 - Knowledge - INFO - process ingested knowledge for /app/data/kaviademo4200/5555/b30548k/CRM-5555/doc/pl/coderslab/service/package-tree.html
2025-10-14 07:15:30,252 - Knowledge - INFO - worker kw6 pull /app/data/kaviademo4200/5555/b30548k/CRM-5555/doc/pl/coderslab/service/package-summary.html from ingest queue
2025-10-14 07:15:30,252 - Knowledge - INFO - adding /app/data/kaviademo4200/5555/b30548k/CRM-5555/src/main/resources/static/js/plugins/jquery.vmap.min.js to ingest queue
2025-10-14 07:15:29,576 - Knowledge - INFO - process ingested knowledge for /app/data/kaviademo4200/5555/b30548k/CRM-5555/doc/pl/coderslab/service/class-use/NotificationService.html
2025-10-14 07:15:30,573 - Knowledge - INFO - persist ingested knowledge for /app/data/kaviademo4200/5555/b30548k/CRM-5555/src/main/resources/templates/client/editClient.html
2025-10-14 07:15:30,696 - Knowledge - INFO - persist ingested knowledge for /app/data/kaviademo4200/5555/b30548k/CRM-5555/src/main/resources/templates/client/success.html
2025-10-14 07:15:30,782 - Knowledge - INFO - persist ingested knowledge for /app/data/kaviademo4200/5555/b30548k/CRM-5555/src/main/resources/templates/client/addSimilarClient.html
2025-10-14 07:15:30,893 - Knowledge - INFO - persist ingested knowledge for /app/data/kaviademo4200/5555/b30548k/CRM-5555/src/main/resources/templates/client/addClient.html
2025-10-14 07:15:31,016 - Knowledge - INFO - persist ingested knowledge for /app/data/kaviademo4200/5555/b30548k/CRM-5555/doc/script.js
2025-10-14 07:15:31,241 - Knowledge - INFO - process ingested knowledge for /app/data/kaviademo4200/5555/b30548k/CRM-5555/doc/pl/coderslab/service/package-summary.html
2025-10-14 07:15:31,387 - Knowledge - INFO - worker kw15 pull /app/data/kaviademo4200/5555/b30548k/CRM-5555/doc/pl/coderslab/service/package-use.html from ingest queue
2025-10-14 07:15:31,388 - Knowledge - INFO - Found code-base-name: https://github.com/kavia-common/CRM-5555.git:kavia-master
2025-10-14 07:15:31,388 - Knowledge - INFO - Found code-base-name: https://github.com/kavia-common/CRM-5555.git:kavia-master
2025-10-14 07:15:31,388 - Knowledge - INFO - Found code-base-name: https://github.com/kavia-common/CRM-5555.git:kavia-master
2025-10-14 07:15:31,388 - Knowledge - INFO - worker kw13 pull /app/data/kaviademo4200/5555/b30548k/CRM-5555/doc/pl/coderslab/service/NotificationService.html from ingest queue
2025-10-14 07:15:31,437 - Knowledge - INFO - worker kw14 pull /app/data/kaviademo4200/5555/b30548k/CRM-5555/doc/pl/coderslab/service/package-frame.html from ingest queue
2025-10-14 07:15:31,437 - Knowledge - INFO - adding /app/data/kaviademo4200/5555/b30548k/CRM-5555/src/main/resources/templates/admin/addUser.html to ingest queue
2025-10-14 07:15:32,087 - Knowledge - INFO - process ingested knowledge for /app/data/kaviademo4200/5555/b30548k/CRM-5555/doc/pl/coderslab/service/package-use.html
2025-10-14 07:15:32,148 - Knowledge - INFO - Found code_base: <app.utils.kg_build.knowledge.KnowledgeCodeBase object at 0x7f2391739010>
2025-10-14 07:15:32,240 - Knowledge - INFO - Found code_base: <app.utils.kg_build.knowledge.KnowledgeCodeBase object at 0x7f2391739010>
2025-10-14 07:15:32,320 - Knowledge - INFO - Found code_base: <app.utils.kg_build.knowledge.KnowledgeCodeBase object at 0x7f2391739010>
2025-10-14 07:15:32,468 - Knowledge - INFO - process ingested knowledge for /app/data/kaviademo4200/5555/b30548k/CRM-5555/doc/pl/coderslab/service/NotificationService.html
2025-10-14 07:15:32,590 - Knowledge - INFO - process ingested knowledge for /app/data/kaviademo4200/5555/b30548k/CRM-5555/doc/pl/coderslab/service/package-frame.html
2025-10-14 07:15:32,684 - Knowledge - INFO - worker kw25 pull /app/data/kaviademo4200/5555/b30548k/CRM-5555/doc/allclasses-frame.html from ingest queue
2025-10-14 07:15:32,685 - Knowledge - INFO - adding /app/data/kaviademo4200/5555/b30548k/CRM-5555/src/main/resources/templates/import/show.html to ingest queue
2025-10-14 07:15:32,853 - Knowledge - INFO - persist ingested knowledge for /app/data/kaviademo4200/5555/b30548k/CRM-5555/doc/index-files/index-4.html
2025-10-14 07:15:32,951 - Knowledge - INFO - persist ingested knowledge for /app/data/kaviademo4200/5555/b30548k/CRM-5555/doc/index-files/index-1.html
2025-10-14 07:15:33,061 - Knowledge - INFO - persist ingested knowledge for /app/data/kaviademo4200/5555/b30548k/CRM-5555/doc/index-files/index-3.html
2025-10-14 07:15:33,398 - Knowledge - INFO - process ingested knowledge for /app/data/kaviademo4200/5555/b30548k/CRM-5555/doc/allclasses-frame.html
2025-10-14 07:15:33,464 - Knowledge - INFO - adding /app/data/kaviademo4200/5555/b30548k/CRM-5555/src/main/resources/static/js/plugins/jquery-ui.custom.min.js to ingest queue
2025-10-14 07:15:33,888 - Knowledge - INFO - adding /app/data/kaviademo4200/5555/b30548k/CRM-5555/src/main/resources/templates/admin/success.html to ingest queue
2025-10-14 07:15:33,979 - Knowledge - INFO - worker kw22 pull /app/data/kaviademo4200/5555/b30548k/CRM-5555/doc/constant-values.html from ingest queue
2025-10-14 07:15:34,033 - Knowledge - INFO - Found code-base-name: https://github.com/kavia-common/CRM-5555.git:kavia-master
2025-10-14 07:15:34,033 - Knowledge - INFO - worker kw8 pull /app/data/kaviademo4200/5555/b30548k/CRM-5555/doc/stylesheet.css from ingest queue
2025-10-14 07:15:34,033 - Knowledge - INFO - adding /app/data/kaviademo4200/5555/b30548k/CRM-5555/src/main/resources/templates/import/getFilename.html to ingest queue
2025-10-14 07:15:34,089 - Knowledge - INFO - process ingested knowledge for /app/data/kaviademo4200/5555/b30548k/CRM-5555/doc/constant-values.html
2025-10-14 07:15:34,150 - Knowledge - INFO - Found code_base: <app.utils.kg_build.knowledge.KnowledgeCodeBase object at 0x7f2391739010>
2025-10-14 07:15:34,292 - Knowledge - INFO - process ingested knowledge for /app/data/kaviademo4200/5555/b30548k/CRM-5555/doc/stylesheet.css
2025-10-14 07:15:34,363 - Knowledge - INFO - adding /app/data/kaviademo4200/5555/b30548k/CRM-5555/src/main/resources/templates/manager/result.html to ingest queue
2025-10-14 07:15:34,555 - Knowledge - INFO - persist ingested knowledge for /app/data/kaviademo4200/5555/b30548k/CRM-5555/doc/pl/coderslab/service/package-tree.html
2025-10-14 07:15:34,729 - Knowledge - INFO - worker kw23 pull /app/data/kaviademo4200/5555/b30548k/CRM-5555/doc/deprecated-list.html from ingest queue
2025-10-14 07:15:34,729 - Knowledge - INFO - adding /app/data/kaviademo4200/5555/b30548k/CRM-5555/src/main/resources/templates/manager/search.html to ingest queue
2025-10-14 07:15:34,959 - Knowledge - INFO - process ingested knowledge for /app/data/kaviademo4200/5555/b30548k/CRM-5555/doc/deprecated-list.html
2025-10-14 07:15:35,042 - Knowledge - INFO - worker kw24 pull /app/data/kaviademo4200/5555/b30548k/CRM-5555/doc/index.html from ingest queue
2025-10-14 07:15:35,229 - Knowledge - INFO - Found code-base-name: https://github.com/kavia-common/CRM-5555.git:kavia-master
2025-10-14 07:15:35,229 - Knowledge - INFO - Found code-base-name: https://github.com/kavia-common/CRM-5555.git:kavia-master
2025-10-14 07:15:35,229 - Knowledge - INFO - worker kw26 pull /app/data/kaviademo4200/5555/b30548k/CRM-5555/doc/overview-tree.html from ingest queue
2025-10-14 07:15:35,229 - Knowledge - INFO - Found code-base-name: https://github.com/kavia-common/CRM-5555.git:kavia-master
2025-10-14 07:15:35,229 - Knowledge - INFO - Found code-base-name: https://github.com/kavia-common/CRM-5555.git:kavia-master
2025-10-14 07:15:35,229 - Knowledge - INFO - worker kw27 pull /app/data/kaviademo4200/5555/b30548k/CRM-5555/doc/allclasses-noframe.html from ingest queue
2025-10-14 07:15:35,282 - Knowledge - INFO - process ingested knowledge for /app/data/kaviademo4200/5555/b30548k/CRM-5555/doc/index.html
2025-10-14 07:15:35,322 - Knowledge - INFO - Found code-base-name: https://github.com/kavia-common/CRM-5555.git:kavia-master
2025-10-14 07:15:35,322 - Knowledge - INFO - worker kw7 pull /app/data/kaviademo4200/5555/b30548k/CRM-5555/doc/help-doc.html from ingest queue
2025-10-14 07:15:35,364 - Knowledge - INFO - Found code-base-name: https://github.com/kavia-common/CRM-5555.git:kavia-master
2025-10-14 07:15:35,364 - Knowledge - INFO - adding /app/data/kaviademo4200/5555/b30548k/CRM-5555/src/main/resources/templates/contract/result.html to ingest queue
2025-10-14 07:15:35,365 - Knowledge - INFO - Found code_base: <app.utils.kg_build.knowledge.KnowledgeCodeBase object at 0x7f2391739010>
2025-10-14 07:15:35,447 - Knowledge - INFO - Found code_base: <app.utils.kg_build.knowledge.KnowledgeCodeBase object at 0x7f2391739010>
2025-10-14 07:15:35,554 - Knowledge - INFO - process ingested knowledge for /app/data/kaviademo4200/5555/b30548k/CRM-5555/doc/overview-tree.html
2025-10-14 07:15:35,618 - Knowledge - INFO - Found code_base: <app.utils.kg_build.knowledge.KnowledgeCodeBase object at 0x7f2391739010>
2025-10-14 07:15:35,711 - Knowledge - INFO - Found code_base: <app.utils.kg_build.knowledge.KnowledgeCodeBase object at 0x7f2391739010>
2025-10-14 07:15:35,848 - Knowledge - INFO - process ingested knowledge for /app/data/kaviademo4200/5555/b30548k/CRM-5555/doc/allclasses-noframe.html
2025-10-14 07:15:36,022 - Knowledge - INFO - Found code_base: <app.utils.kg_build.knowledge.KnowledgeCodeBase object at 0x7f2391739010>
2025-10-14 07:15:36,154 - Knowledge - INFO - process ingested knowledge for /app/data/kaviademo4200/5555/b30548k/CRM-5555/doc/help-doc.html
2025-10-14 07:15:36,238 - Knowledge - INFO - Found code_base: <app.utils.kg_build.knowledge.KnowledgeCodeBase object at 0x7f2391739010>
2025-10-14 07:15:36,357 - Knowledge - INFO - worker kw19 pull /app/data/kaviademo4200/5555/b30548k/CRM-5555/README.md from ingest queue
2025-10-14 07:15:36,358 - Knowledge - INFO - Found code-base-name: https://github.com/kavia-common/CRM-5555.git:kavia-master
2025-10-14 07:15:36,359 - Knowledge - INFO - Found code-base-name: https://github.com/kavia-common/CRM-5555.git:kavia-master
2025-10-14 07:15:36,359 - Knowledge - INFO - worker kw17 pull /app/data/kaviademo4200/5555/b30548k/CRM-5555/pom.xml from ingest queue
2025-10-14 07:15:36,407 - Knowledge - INFO - worker kw3 pull /app/data/kaviademo4200/5555/b30548k/CRM-5555/src/test/java/pl/coderslab/CrmApplicationTests.java from ingest queue
2025-10-14 07:15:36,407 - Knowledge - INFO - adding /app/data/kaviademo4200/5555/b30548k/CRM-5555/src/main/resources/templates/client/editClient.html to ingest queue
2025-10-14 07:15:36,430 - Knowledge - INFO - persist ingested knowledge for /app/data/kaviademo4200/5555/b30548k/CRM-5555/doc/pl/coderslab/service/package-summary.html
2025-10-14 07:15:36,501 - Knowledge - INFO - persist ingested knowledge for /app/data/kaviademo4200/5555/b30548k/CRM-5555/src/main/resources/templates/client/clientDetails.html
2025-10-14 07:15:36,723 - Knowledge - INFO - persist ingested knowledge for /app/data/kaviademo4200/5555/b30548k/CRM-5555/doc/pl/coderslab/service/NotificationService.html
2025-10-14 07:15:36,836 - Knowledge - INFO - persist ingested knowledge for /app/data/kaviademo4200/5555/b30548k/CRM-5555/doc/pl/coderslab/service/package-frame.html
2025-10-14 07:15:37,004 - Knowledge - INFO - persist ingested knowledge for /app/data/kaviademo4200/5555/b30548k/CRM-5555/doc/allclasses-frame.html
2025-10-14 07:15:37,158 - Knowledge - INFO - persist ingested knowledge for /app/data/kaviademo4200/5555/b30548k/CRM-5555/doc/index-files/index-2.html
2025-10-14 07:15:37,281 - Knowledge - INFO - process ingested knowledge for /app/data/kaviademo4200/5555/b30548k/CRM-5555/README.md
2025-10-14 07:15:37,349 - Knowledge - INFO - Found code_base: <app.utils.kg_build.knowledge.KnowledgeCodeBase object at 0x7f2391739010>
2025-10-14 07:15:37,429 - Knowledge - INFO - Found code_base: <app.utils.kg_build.knowledge.KnowledgeCodeBase object at 0x7f2391739010>
2025-10-14 07:15:37,538 - Knowledge - INFO - process ingested knowledge for /app/data/kaviademo4200/5555/b30548k/CRM-5555/pom.xml
2025-10-14 07:15:37,627 - Knowledge - INFO - Thread kw3 - File CrmApplicationTests.java - Remaining files in queue: 82
2025-10-14 07:15:37,702 - Knowledge - INFO - Found code-base-name: https://github.com/kavia-common/CRM-5555.git:kavia-master
2025-10-14 07:15:37,702 - Knowledge - INFO - adding /app/data/kaviademo4200/5555/b30548k/CRM-5555/src/main/resources/templates/client/addClient.html to ingest queue
2025-10-14 07:15:38,457 - Knowledge - INFO - persist ingested knowledge for /app/data/kaviademo4200/5555/b30548k/CRM-5555/doc/constant-values.html
2025-10-14 07:15:38,561 - Knowledge - INFO - persist ingested knowledge for /app/data/kaviademo4200/5555/b30548k/CRM-5555/doc/pl/coderslab/service/class-use/NotificationService.html
2025-10-14 07:15:38,755 - Knowledge - INFO - start ingest for /app/data/kaviademo4200/5555/b30548k/CRM-5555/src/test/java/pl/coderslab/CrmApplicationTests.java
2025-10-14 07:15:38,849 - Knowledge - INFO - Found code_base: <app.utils.kg_build.knowledge.KnowledgeCodeBase object at 0x7f2391739010>
2025-10-14 07:15:38,958 - Knowledge - INFO - adding /app/data/kaviademo4200/5555/b30548k/CRM-5555/doc/script.js to ingest queue
2025-10-14 07:15:39,281 - Knowledge - INFO - Fast-track processing for simple file: /app/data/kaviademo4200/5555/b30548k/CRM-5555/src/test/java/pl/coderslab/CrmApplicationTests.java
2025-10-14 07:15:39,386 - Knowledge - INFO - persist ingested knowledge for /app/data/kaviademo4200/5555/b30548k/CRM-5555/doc/deprecated-list.html
2025-10-14 07:15:39,502 - Knowledge - INFO - Found code-base-name: https://github.com/kavia-common/CRM-5555.git:kavia-master
2025-10-14 07:15:39,502 - Knowledge - INFO - worker kw18 pull /app/data/kaviademo4200/5555/b30548k/CRM-5555/src/test/java/pl/coderslab/ClientResourceTest.java from ingest queue
2025-10-14 07:15:39,503 - Knowledge - INFO - adding /app/data/kaviademo4200/5555/b30548k/CRM-5555/doc/index-files/index-4.html to ingest queue
2025-10-14 07:15:39,628 - Knowledge - INFO - done fast ingest for /app/data/kaviademo4200/5555/b30548k/CRM-5555/src/test/java/pl/coderslab/CrmApplicationTests.java
2025-10-14 07:15:39,927 - Knowledge - INFO - Found code_base: <app.utils.kg_build.knowledge.KnowledgeCodeBase object at 0x7f2391739010>
2025-10-14 07:15:40,007 - Knowledge - INFO - Thread kw18 - File ClientResourceTest.java - Remaining files in queue: 84
2025-10-14 07:15:40,115 - Knowledge - INFO - worker kw2 pull /app/data/kaviademo4200/5555/b30548k/CRM-5555/src/test/java/pl/coderslab/ContractServiceTest.java from ingest queue
2025-10-14 07:15:40,116 - Knowledge - INFO - adding /app/data/kaviademo4200/5555/b30548k/CRM-5555/src/main/resources/templates/index.html to ingest queue
2025-10-14 07:15:40,610 - Knowledge - INFO - Found code-base-name: https://github.com/kavia-common/CRM-5555.git:kavia-master
2025-10-14 07:15:40,319 - Knowledge - INFO - persist ingested knowledge for /app/data/kaviademo4200/5555/b30548k/CRM-5555/doc/pl/coderslab/service/package-use.html
2025-10-14 07:15:40,458 - Knowledge - INFO - start ingest for /app/data/kaviademo4200/5555/b30548k/CRM-5555/src/test/java/pl/coderslab/ClientResourceTest.java
2025-10-14 07:15:40,537 - Knowledge - INFO - Thread kw2 - File ContractServiceTest.java - Remaining files in queue: 84
2025-10-14 07:15:40,227 - Knowledge - INFO - process ingested knowledge for /app/data/kaviademo4200/5555/b30548k/CRM-5555/src/test/java/pl/coderslab/CrmApplicationTests.java
2025-10-14 07:15:40,611 - Knowledge - INFO - worker kw28 pull /app/data/kaviademo4200/5555/b30548k/CRM-5555/src/test/resources/Client.json from ingest queue
2025-10-14 07:15:41,178 - Knowledge - INFO - Thread kw28 - File Client.json - Remaining files in queue: 84
2025-10-14 07:15:40,722 - Knowledge - INFO - Found code_base: <app.utils.kg_build.knowledge.KnowledgeCodeBase object at 0x7f2391739010>
2025-10-14 07:15:40,993 - Knowledge - INFO - start ingest for /app/data/kaviademo4200/5555/b30548k/CRM-5555/src/test/java/pl/coderslab/ContractServiceTest.java
2025-10-14 07:15:40,662 - Knowledge - INFO - adding /app/data/kaviademo4200/5555/b30548k/CRM-5555/doc/pl/coderslab/service/package-tree.html to ingest queue
2025-10-14 07:15:41,285 - Knowledge - INFO - start ingest for /app/data/kaviademo4200/5555/b30548k/CRM-5555/src/test/resources/Client.json
2025-10-14 07:15:41,409 - Knowledge - INFO - persist ingested knowledge for /app/data/kaviademo4200/5555/b30548k/CRM-5555/doc/stylesheet.css
2025-10-14 07:15:41,593 - Knowledge - INFO - Found code-base-name: https://github.com/kavia-common/CRM-5555.git:kavia-master
2025-10-14 07:15:41,594 - Knowledge - INFO - Found code-base-name: https://github.com/kavia-common/CRM-5555.git:kavia-master
2025-10-14 07:15:41,595 - Knowledge - INFO - Found code-base-name: https://github.com/kavia-common/CRM-5555.git:kavia-master
2025-10-14 07:15:41,595 - Knowledge - INFO - worker kw4 pull /app/data/kaviademo4200/5555/b30548k/CRM-5555/src/main/java/pl/coderslab/repository/OfficeRepository.java from ingest queue
2025-10-14 07:15:41,687 - Knowledge - INFO - Fast-track processing for simple file: /app/data/kaviademo4200/5555/b30548k/CRM-5555/src/test/resources/Client.json
2025-10-14 07:15:41,871 - Knowledge - INFO - Found code-base-name: https://github.com/kavia-common/CRM-5555.git:kavia-master
2025-10-14 07:15:41,871 - Knowledge - INFO - Found code-base-name: https://github.com/kavia-common/CRM-5555.git:kavia-master
2025-10-14 07:15:41,871 - Knowledge - INFO - worker kw29 pull /app/data/kaviademo4200/5555/b30548k/CRM-5555/src/main/java/pl/coderslab/repository/ReportRepository.java from ingest queue
2025-10-14 07:15:41,913 - Knowledge - INFO - adding /app/data/kaviademo4200/5555/b30548k/CRM-5555/doc/index-files/index-3.html to ingest queue
2025-10-14 07:15:41,930 - Knowledge - INFO - Found code_base: <app.utils.kg_build.knowledge.KnowledgeCodeBase object at 0x7f2391739010>
2025-10-14 07:15:42,010 - Knowledge - INFO - Found code_base: <app.utils.kg_build.knowledge.KnowledgeCodeBase object at 0x7f2391739010>
2025-10-14 07:15:42,128 - Knowledge - INFO - Found code_base: <app.utils.kg_build.knowledge.KnowledgeCodeBase object at 0x7f2391739010>
2025-10-14 07:15:42,240 - Knowledge - INFO - Thread kw4 - File OfficeRepository.java - Remaining files in queue: 83
2025-10-14 07:15:42,339 - Knowledge - INFO - done fast ingest for /app/data/kaviademo4200/5555/b30548k/CRM-5555/src/test/resources/Client.json
2025-10-14 07:15:42,433 - Knowledge - INFO - Found code_base: <app.utils.kg_build.knowledge.KnowledgeCodeBase object at 0x7f2391739010>
2025-10-14 07:15:42,542 - Knowledge - INFO - Found code_base: <app.utils.kg_build.knowledge.KnowledgeCodeBase object at 0x7f2391739010>
2025-10-14 07:15:42,667 - Knowledge - INFO - Thread kw29 - File ReportRepository.java - Remaining files in queue: 83
2025-10-14 07:15:42,855 - Knowledge - INFO - persist ingested knowledge for /app/data/kaviademo4200/5555/b30548k/CRM-5555/doc/overview-tree.html
2025-10-14 07:15:42,911 - Knowledge - INFO - Found code-base-name: https://github.com/kavia-common/CRM-5555.git:kavia-master
2025-10-14 07:15:42,911 - Knowledge - INFO - worker kw16 pull /app/data/kaviademo4200/5555/b30548k/CRM-5555/src/main/java/pl/coderslab/repository/EventRepository.java from ingest queue
2025-10-14 07:15:42,912 - Knowledge - INFO - adding /app/data/kaviademo4200/5555/b30548k/CRM-5555/src/main/resources/templates/client/addSimilarClient.html to ingest queue
2025-10-14 07:15:42,970 - Knowledge - INFO - persist ingested knowledge for /app/data/kaviademo4200/5555/b30548k/CRM-5555/doc/allclasses-noframe.html
2025-10-14 07:15:43,088 - Knowledge - INFO - persist ingested knowledge for /app/data/kaviademo4200/5555/b30548k/CRM-5555/doc/help-doc.html
2025-10-14 07:15:43,213 - Knowledge - INFO - start ingest for /app/data/kaviademo4200/5555/b30548k/CRM-5555/src/main/java/pl/coderslab/repository/OfficeRepository.java
2025-10-14 07:15:43,301 - Knowledge - INFO - process ingested knowledge for /app/data/kaviademo4200/5555/b30548k/CRM-5555/src/test/resources/Client.json
2025-10-14 07:15:43,426 - Knowledge - INFO - persist ingested knowledge for /app/data/kaviademo4200/5555/b30548k/CRM-5555/README.md
2025-10-14 07:15:43,514 - Knowledge - INFO - persist ingested knowledge for /app/data/kaviademo4200/5555/b30548k/CRM-5555/pom.xml
2025-10-14 07:15:43,638 - Knowledge - INFO - start ingest for /app/data/kaviademo4200/5555/b30548k/CRM-5555/src/main/java/pl/coderslab/repository/ReportRepository.java
2025-10-14 07:15:43,865 - Knowledge - INFO - Found code_base: <app.utils.kg_build.knowledge.KnowledgeCodeBase object at 0x7f2391739010>
2025-10-14 07:15:43,963 - Knowledge - INFO - Thread kw16 - File EventRepository.java - Remaining files in queue: 83
2025-10-14 07:15:44,055 - Knowledge - INFO - adding /app/data/kaviademo4200/5555/b30548k/CRM-5555/src/main/resources/templates/client/success.html to ingest queue
2025-10-14 07:15:44,441 - Knowledge - INFO - Fast-track processing for simple file: /app/data/kaviademo4200/5555/b30548k/CRM-5555/src/main/java/pl/coderslab/repository/OfficeRepository.java
2025-10-14 07:15:44,822 - Knowledge - INFO - Fast-track processing for simple file: /app/data/kaviademo4200/5555/b30548k/CRM-5555/src/main/java/pl/coderslab/repository/ReportRepository.java
2025-10-14 07:15:44,900 - Knowledge - INFO - persist ingested knowledge for /app/data/kaviademo4200/5555/b30548k/CRM-5555/doc/index.html
2025-10-14 07:15:45,015 - Knowledge - INFO - start ingest for /app/data/kaviademo4200/5555/b30548k/CRM-5555/src/main/java/pl/coderslab/repository/EventRepository.java
2025-10-14 07:15:45,204 - Knowledge - INFO - Found code-base-name: https://github.com/kavia-common/CRM-5555.git:kavia-master
2025-10-14 07:15:45,204 - Knowledge - INFO - worker kw5 pull /app/data/kaviademo4200/5555/b30548k/CRM-5555/src/main/java/pl/coderslab/repository/AddressRepository.java from ingest queue
2025-10-14 07:15:45,249 - Knowledge - INFO - done fast ingest for /app/data/kaviademo4200/5555/b30548k/CRM-5555/src/main/java/pl/coderslab/repository/OfficeRepository.java
2025-10-14 07:15:45,260 - Knowledge - INFO - adding /app/data/kaviademo4200/5555/b30548k/CRM-5555/doc/pl/coderslab/service/NotificationService.html to ingest queue
2025-10-14 07:15:45,380 - Knowledge - INFO - done fast ingest for /app/data/kaviademo4200/5555/b30548k/CRM-5555/src/main/java/pl/coderslab/repository/ReportRepository.java
2025-10-14 07:15:45,711 - Knowledge - INFO - Found code_base: <app.utils.kg_build.knowledge.KnowledgeCodeBase object at 0x7f2391739010>
2025-10-14 07:15:45,800 - Knowledge - INFO - Thread kw5 - File AddressRepository.java - Remaining files in queue: 84
2025-10-14 07:15:45,884 - Knowledge - INFO - process ingested knowledge for /app/data/kaviademo4200/5555/b30548k/CRM-5555/src/main/java/pl/coderslab/repository/OfficeRepository.java
2025-10-14 07:15:46,002 - Knowledge - INFO - adding /app/data/kaviademo4200/5555/b30548k/CRM-5555/doc/pl/coderslab/service/package-frame.html to ingest queue
2025-10-14 07:15:46,096 - Knowledge - INFO - process ingested knowledge for /app/data/kaviademo4200/5555/b30548k/CRM-5555/src/main/java/pl/coderslab/repository/ReportRepository.java
2025-10-14 07:15:46,183 - Knowledge - INFO - persist ingested knowledge for /app/data/kaviademo4200/5555/b30548k/CRM-5555/src/test/java/pl/coderslab/CrmApplicationTests.java
2025-10-14 07:15:46,286 - Knowledge - INFO - start ingest for /app/data/kaviademo4200/5555/b30548k/CRM-5555/src/main/java/pl/coderslab/repository/AddressRepository.java
2025-10-14 07:15:46,566 - Knowledge - INFO - adding /app/data/kaviademo4200/5555/b30548k/CRM-5555/doc/allclasses-frame.html to ingest queue
2025-10-14 07:15:46,808 - Knowledge - INFO - Fast-track processing for simple file: /app/data/kaviademo4200/5555/b30548k/CRM-5555/src/main/java/pl/coderslab/repository/AddressRepository.java
2025-10-14 07:15:47,057 - Knowledge - INFO - done fast ingest for /app/data/kaviademo4200/5555/b30548k/CRM-5555/src/main/java/pl/coderslab/repository/AddressRepository.java
2025-10-14 07:15:47,085 - Knowledge - INFO - done ingest for /app/data/kaviademo4200/5555/b30548k/CRM-5555/src/test/java/pl/coderslab/ClientResourceTest.java
2025-10-14 07:15:47,143 - Knowledge - INFO - adding /app/data/kaviademo4200/5555/b30548k/CRM-5555/doc/index-files/index-2.html to ingest queue
2025-10-14 07:15:47,183 - Knowledge - INFO - process ingested knowledge for /app/data/kaviademo4200/5555/b30548k/CRM-5555/src/main/java/pl/coderslab/repository/AddressRepository.java
2025-10-14 07:15:47,302 - Knowledge - INFO - process ingested knowledge for /app/data/kaviademo4200/5555/b30548k/CRM-5555/src/test/java/pl/coderslab/ClientResourceTest.java
2025-10-14 07:15:47,395 - Knowledge - INFO - adding /app/data/kaviademo4200/5555/b30548k/CRM-5555/doc/constant-values.html to ingest queue
2025-10-14 07:15:47,695 - Knowledge - INFO - worker kw21 pull /app/data/kaviademo4200/5555/b30548k/CRM-5555/src/main/java/pl/coderslab/repository/RoleRepository.java from ingest queue
2025-10-14 07:15:47,704 - Knowledge - INFO - adding /app/data/kaviademo4200/5555/b30548k/CRM-5555/doc/index-files/index-1.html to ingest queue
2025-10-14 07:15:47,785 - Knowledge - INFO - Thread kw21 - File RoleRepository.java - Remaining files in queue: 88
2025-10-14 07:15:47,893 - Knowledge - INFO - worker kw9 pull /app/data/kaviademo4200/5555/b30548k/CRM-5555/src/main/java/pl/coderslab/repository/ContactPersonRepository.java from ingest queue
2025-10-14 07:15:48,087 - Knowledge - INFO - Thread kw9 - File ContactPersonRepository.java - Remaining files in queue: 88
2025-10-14 07:15:47,997 - Knowledge - INFO - start ingest for /app/data/kaviademo4200/5555/b30548k/CRM-5555/src/main/java/pl/coderslab/repository/RoleRepository.java
2025-10-14 07:15:47,968 - Knowledge - INFO - done ingest for /app/data/kaviademo4200/5555/b30548k/CRM-5555/src/test/java/pl/coderslab/ContractServiceTest.java
2025-10-14 07:15:48,144 - Knowledge - INFO - Found code-base-name: https://github.com/kavia-common/CRM-5555.git:kavia-master
2025-10-14 07:15:48,181 - Knowledge - INFO - start ingest for /app/data/kaviademo4200/5555/b30548k/CRM-5555/src/main/java/pl/coderslab/repository/ContactPersonRepository.java
2025-10-14 07:15:48,247 - Knowledge - INFO - worker kw20 pull /app/data/kaviademo4200/5555/b30548k/CRM-5555/src/main/java/pl/coderslab/repository/CompanyRepository.java from ingest queue
2025-10-14 07:15:48,248 - Knowledge - INFO - adding /app/data/kaviademo4200/5555/b30548k/CRM-5555/doc/pl/coderslab/service/package-use.html to ingest queue
2025-10-14 07:15:48,305 - Knowledge - INFO - Fast-track processing for simple file: /app/data/kaviademo4200/5555/b30548k/CRM-5555/src/main/java/pl/coderslab/repository/RoleRepository.java
2025-10-14 07:15:48,422 - Knowledge - INFO - process ingested knowledge for /app/data/kaviademo4200/5555/b30548k/CRM-5555/src/test/java/pl/coderslab/ContractServiceTest.java
2025-10-14 07:15:48,546 - Knowledge - INFO - Found code_base: <app.utils.kg_build.knowledge.KnowledgeCodeBase object at 0x7f2391739010>
2025-10-14 07:15:48,633 - Knowledge - INFO - Fast-track processing for simple file: /app/data/kaviademo4200/5555/b30548k/CRM-5555/src/main/java/pl/coderslab/repository/ContactPersonRepository.java
2025-10-14 07:15:48,714 - Knowledge - INFO - Thread kw20 - File CompanyRepository.java - Remaining files in queue: 87
2025-10-14 07:15:49,304 - Knowledge - INFO - start ingest for /app/data/kaviademo4200/5555/b30548k/CRM-5555/src/main/java/pl/coderslab/repository/CompanyRepository.java
2025-10-14 07:15:48,889 - Knowledge - INFO - done fast ingest for /app/data/kaviademo4200/5555/b30548k/CRM-5555/src/main/java/pl/coderslab/repository/RoleRepository.java
2025-10-14 07:15:49,120 - Knowledge - INFO - persist ingested knowledge for /app/data/kaviademo4200/5555/b30548k/CRM-5555/src/test/resources/Client.json
2025-10-14 07:15:49,221 - Knowledge - INFO - done fast ingest for /app/data/kaviademo4200/5555/b30548k/CRM-5555/src/main/java/pl/coderslab/repository/ContactPersonRepository.java
2025-10-14 07:15:48,806 - Knowledge - INFO - adding /app/data/kaviademo4200/5555/b30548k/CRM-5555/src/main/resources/templates/client/clientDetails.html to ingest queue
2025-10-14 07:15:49,404 - Knowledge - INFO - Fast-track processing for simple file: /app/data/kaviademo4200/5555/b30548k/CRM-5555/src/main/java/pl/coderslab/repository/CompanyRepository.java
2025-10-14 07:15:49,521 - Knowledge - INFO - process ingested knowledge for /app/data/kaviademo4200/5555/b30548k/CRM-5555/src/main/java/pl/coderslab/repository/RoleRepository.java
2025-10-14 07:15:49,698 - Knowledge - INFO - process ingested knowledge for /app/data/kaviademo4200/5555/b30548k/CRM-5555/src/main/java/pl/coderslab/repository/ContactPersonRepository.java
2025-10-14 07:15:49,854 - Knowledge - INFO - worker kw13 pull /app/data/kaviademo4200/5555/b30548k/CRM-5555/src/main/java/pl/coderslab/repository/ContractRepository.java from ingest queue
2025-10-14 07:15:49,854 - Knowledge - INFO - Found code-base-name: https://github.com/kavia-common/CRM-5555.git:kavia-master
2025-10-14 07:15:49,854 - Knowledge - INFO - adding /app/data/kaviademo4200/5555/b30548k/CRM-5555/doc/stylesheet.css to ingest queue
2025-10-14 07:15:49,881 - Knowledge - INFO - done fast ingest for /app/data/kaviademo4200/5555/b30548k/CRM-5555/src/main/java/pl/coderslab/repository/CompanyRepository.java
2025-10-14 07:15:50,086 - Knowledge - INFO - done ingest for /app/data/kaviademo4200/5555/b30548k/CRM-5555/src/main/java/pl/coderslab/repository/EventRepository.java
2025-10-14 07:15:50,173 - Knowledge - INFO - Thread kw13 - File ContractRepository.java - Remaining files in queue: 88
2025-10-14 07:15:50,266 - Knowledge - INFO - Found code_base: <app.utils.kg_build.knowledge.KnowledgeCodeBase object at 0x7f2391739010>
2025-10-14 07:15:50,377 - Knowledge - INFO - Found code-base-name: https://github.com/kavia-common/CRM-5555.git:kavia-master
2025-10-14 07:15:50,464 - Knowledge - INFO - process ingested knowledge for /app/data/kaviademo4200/5555/b30548k/CRM-5555/src/main/java/pl/coderslab/repository/CompanyRepository.java
2025-10-14 07:15:50,479 - Knowledge - INFO - worker kw25 pull /app/data/kaviademo4200/5555/b30548k/CRM-5555/src/main/java/pl/coderslab/repository/NotificationRepository.java from ingest queue
2025-10-14 07:15:50,480 - Knowledge - INFO - adding /app/data/kaviademo4200/5555/b30548k/CRM-5555/doc/pl/coderslab/service/class-use/NotificationService.html to ingest queue
2025-10-14 07:15:50,558 - Knowledge - INFO - process ingested knowledge for /app/data/kaviademo4200/5555/b30548k/CRM-5555/src/main/java/pl/coderslab/repository/EventRepository.java
2025-10-14 07:15:50,650 - Knowledge - INFO - start ingest for /app/data/kaviademo4200/5555/b30548k/CRM-5555/src/main/java/pl/coderslab/repository/ContractRepository.java
2025-10-14 07:15:50,746 - Knowledge - INFO - persist ingested knowledge for /app/data/kaviademo4200/5555/b30548k/CRM-5555/src/main/java/pl/coderslab/repository/OfficeRepository.java
2025-10-14 07:15:50,824 - Knowledge - INFO - Found code_base: <app.utils.kg_build.knowledge.KnowledgeCodeBase object at 0x7f2391739010>
2025-10-14 07:15:51,010 - Knowledge - INFO - Thread kw25 - File NotificationRepository.java - Remaining files in queue: 88
2025-10-14 07:15:51,084 - Knowledge - INFO - worker kw1 pull /app/data/kaviademo4200/5555/b30548k/CRM-5555/src/main/java/pl/coderslab/repository/ClientRepository.java from ingest queue
2025-10-14 07:15:51,084 - Knowledge - INFO - Found code-base-name: https://github.com/kavia-common/CRM-5555.git:kavia-master
2025-10-14 07:15:51,085 - Knowledge - INFO - Found code-base-name: https://github.com/kavia-common/CRM-5555.git:kavia-master
2025-10-14 07:15:51,085 - Knowledge - INFO - worker kw11 pull /app/data/kaviademo4200/5555/b30548k/CRM-5555/src/main/java/pl/coderslab/AuthenticationFacade.java from ingest queue
2025-10-14 07:15:51,085 - Knowledge - INFO - adding /app/data/kaviademo4200/5555/b30548k/CRM-5555/doc/overview-tree.html to ingest queue
2025-10-14 07:15:51,306 - Knowledge - INFO - Fast-track processing for simple file: /app/data/kaviademo4200/5555/b30548k/CRM-5555/src/main/java/pl/coderslab/repository/ContractRepository.java
2025-10-14 07:15:51,514 - Knowledge - INFO - persist ingested knowledge for /app/data/kaviademo4200/5555/b30548k/CRM-5555/src/main/java/pl/coderslab/repository/ReportRepository.java
2025-10-14 07:15:51,621 - Knowledge - INFO - start ingest for /app/data/kaviademo4200/5555/b30548k/CRM-5555/src/main/java/pl/coderslab/repository/NotificationRepository.java
2025-10-14 07:15:51,729 - Knowledge - INFO - Thread kw1 - File ClientRepository.java - Remaining files in queue: 87
2025-10-14 07:15:51,824 - Knowledge - INFO - Found code_base: <app.utils.kg_build.knowledge.KnowledgeCodeBase object at 0x7f2391739010>
2025-10-14 07:15:51,913 - Knowledge - INFO - Found code_base: <app.utils.kg_build.knowledge.KnowledgeCodeBase object at 0x7f2391739010>
2025-10-14 07:15:52,030 - Knowledge - INFO - Thread kw11 - File AuthenticationFacade.java - Remaining files in queue: 87
2025-10-14 07:15:52,132 - Knowledge - INFO - adding /app/data/kaviademo4200/5555/b30548k/CRM-5555/doc/allclasses-noframe.html to ingest queue
2025-10-14 07:15:52,233 - Knowledge - INFO - done fast ingest for /app/data/kaviademo4200/5555/b30548k/CRM-5555/src/main/java/pl/coderslab/repository/ContractRepository.java
2025-10-14 07:15:52,488 - Knowledge - INFO - start ingest for /app/data/kaviademo4200/5555/b30548k/CRM-5555/src/main/java/pl/coderslab/repository/ClientRepository.java
2025-10-14 07:15:52,601 - Knowledge - INFO - persist ingested knowledge for /app/data/kaviademo4200/5555/b30548k/CRM-5555/src/test/java/pl/coderslab/ClientResourceTest.java
2025-10-14 07:15:52,734 - Knowledge - INFO - persist ingested knowledge for /app/data/kaviademo4200/5555/b30548k/CRM-5555/src/main/java/pl/coderslab/repository/AddressRepository.java
2025-10-14 07:15:52,854 - Knowledge - INFO - start ingest for /app/data/kaviademo4200/5555/b30548k/CRM-5555/src/main/java/pl/coderslab/AuthenticationFacade.java
2025-10-14 07:15:52,944 - Knowledge - INFO - adding /app/data/kaviademo4200/5555/b30548k/CRM-5555/doc/help-doc.html to ingest queue
2025-10-14 07:15:53,051 - Knowledge - INFO - process ingested knowledge for /app/data/kaviademo4200/5555/b30548k/CRM-5555/src/main/java/pl/coderslab/repository/ContractRepository.java
2025-10-14 07:15:53,543 - Knowledge - INFO - adding /app/data/kaviademo4200/5555/b30548k/CRM-5555/README.md to ingest queue
2025-10-14 07:15:53,731 - Knowledge - INFO - adding /app/data/kaviademo4200/5555/b30548k/CRM-5555/doc/pl/coderslab/service/package-summary.html to ingest queue
2025-10-14 07:15:53,819 - Knowledge - INFO - adding /app/data/kaviademo4200/5555/b30548k/CRM-5555/pom.xml to ingest queue
2025-10-14 07:15:53,903 - Knowledge - INFO - worker kw15 pull /app/data/kaviademo4200/5555/b30548k/CRM-5555/src/main/java/pl/coderslab/api/ClientResource.java from ingest queue
2025-10-14 07:15:53,903 - Knowledge - INFO - Found code-base-name: https://github.com/kavia-common/CRM-5555.git:kavia-master
2025-10-14 07:15:53,904 - Knowledge - INFO - worker kw12 pull /app/data/kaviademo4200/5555/b30548k/CRM-5555/src/main/java/pl/coderslab/repository/UserRepository.java from ingest queue
2025-10-14 07:15:53,904 - Knowledge - INFO - worker kw14 pull /app/data/kaviademo4200/5555/b30548k/CRM-5555/src/main/java/pl/coderslab/web/EmployeeSearchController.java from ingest queue
2025-10-14 07:15:53,905 - Knowledge - INFO - Found code-base-name: https://github.com/kavia-common/CRM-5555.git:kavia-master
2025-10-14 07:15:53,905 - Knowledge - INFO - worker kw8 pull /app/data/kaviademo4200/5555/b30548k/CRM-5555/src/main/java/pl/coderslab/web/EventController.java from ingest queue
2025-10-14 07:15:53,905 - Knowledge - INFO - worker kw3 pull /app/data/kaviademo4200/5555/b30548k/CRM-5555/src/main/java/pl/coderslab/web/ManagerSearchController.java from ingest queue
2025-10-14 07:15:53,905 - Knowledge - INFO - Found code-base-name: https://github.com/kavia-common/CRM-5555.git:kavia-master
2025-10-14 07:15:53,905 - Knowledge - INFO - worker kw22 pull /app/data/kaviademo4200/5555/b30548k/CRM-5555/src/main/java/pl/coderslab/CrmApplication.java from ingest queue
2025-10-14 07:15:53,905 - Knowledge - INFO - worker kw10 pull /app/data/kaviademo4200/5555/b30548k/CRM-5555/src/main/java/pl/coderslab/web/ContractController.java from ingest queue
2025-10-14 07:15:54,024 - Knowledge - INFO - Thread kw15 - File ClientResource.java - Remaining files in queue: 86
2025-10-14 07:15:54,083 - Knowledge - INFO - worker kw27 pull /app/data/kaviademo4200/5555/b30548k/CRM-5555/src/main/java/pl/coderslab/SwaggerConfig.java from ingest queue
2025-10-14 07:15:54,101 - Knowledge - INFO - Found code_base: <app.utils.kg_build.knowledge.KnowledgeCodeBase object at 0x7f2391739010>
2025-10-14 07:15:54,187 - Knowledge - INFO - Thread kw12 - File UserRepository.java - Remaining files in queue: 85
2025-10-14 07:15:54,302 - Knowledge - INFO - Thread kw14 - File EmployeeSearchController.java - Remaining files in queue: 85
2025-10-14 07:15:54,417 - Knowledge - INFO - Found code_base: <app.utils.kg_build.knowledge.KnowledgeCodeBase object at 0x7f2391739010>
2025-10-14 07:15:54,510 - Knowledge - INFO - Thread kw8 - File EventController.java - Remaining files in queue: 85
2025-10-14 07:15:54,574 - Knowledge - INFO - persist search terms embedding for src/test/java/pl/coderslab/ClientResourceTest.java
2025-10-14 07:15:54,620 - Knowledge - INFO - Thread kw3 - File ManagerSearchController.java - Remaining files in queue: 85
2025-10-14 07:15:54,693 - Knowledge - INFO - Found code_base: <app.utils.kg_build.knowledge.KnowledgeCodeBase object at 0x7f2391739010>
2025-10-14 07:15:54,774 - Knowledge - INFO - Thread kw22 - File CrmApplication.java - Remaining files in queue: 85
2025-10-14 07:15:54,884 - Knowledge - INFO - Thread kw10 - File ContractController.java - Remaining files in queue: 85
2025-10-14 07:15:54,969 - Knowledge - INFO - start ingest for /app/data/kaviademo4200/5555/b30548k/CRM-5555/src/main/java/pl/coderslab/api/ClientResource.java
2025-10-14 07:15:55,074 - Knowledge - INFO - Thread kw27 - File SwaggerConfig.java - Remaining files in queue: 85
2025-10-14 07:15:55,200 - Knowledge - INFO - persist ingested knowledge for /app/data/kaviademo4200/5555/b30548k/CRM-5555/src/test/java/pl/coderslab/ContractServiceTest.java
2025-10-14 07:15:55,307 - Knowledge - INFO - start ingest for /app/data/kaviademo4200/5555/b30548k/CRM-5555/src/main/java/pl/coderslab/repository/UserRepository.java
2025-10-14 07:15:55,441 - Knowledge - INFO - start ingest for /app/data/kaviademo4200/5555/b30548k/CRM-5555/src/main/java/pl/coderslab/web/EmployeeSearchController.java
2025-10-14 07:15:55,561 - Knowledge - INFO - persist ingested knowledge for /app/data/kaviademo4200/5555/b30548k/CRM-5555/src/main/java/pl/coderslab/repository/RoleRepository.java
2025-10-14 07:15:55,645 - Knowledge - INFO - start ingest for /app/data/kaviademo4200/5555/b30548k/CRM-5555/src/main/java/pl/coderslab/web/EventController.java
2025-10-14 07:15:55,766 - Knowledge - INFO - worker kw7 pull /app/data/kaviademo4200/5555/b30548k/CRM-5555/src/main/java/pl/coderslab/web/ClientController.java from ingest queue
2025-10-14 07:15:55,772 - Knowledge - INFO - Found code-base-name: https://github.com/kavia-common/CRM-5555.git:kavia-master
2025-10-14 07:15:55,772 - Knowledge - INFO - worker kw6 pull /app/data/kaviademo4200/5555/b30548k/CRM-5555/src/main/java/pl/coderslab/web/ImportController.java from ingest queue
2025-10-14 07:15:55,773 - Knowledge - INFO - worker kw17 pull /app/data/kaviademo4200/5555/b30548k/CRM-5555/src/main/java/pl/coderslab/SecurityConfig.java from ingest queue
2025-10-14 07:15:55,777 - Knowledge - INFO - adding /app/data/kaviademo4200/5555/b30548k/CRM-5555/doc/index.html to ingest queue
2025-10-14 07:15:55,879 - Knowledge - INFO - start ingest for /app/data/kaviademo4200/5555/b30548k/CRM-5555/src/main/java/pl/coderslab/web/ManagerSearchController.java
2025-10-14 07:15:55,954 - Knowledge - INFO - persist ingested knowledge for /app/data/kaviademo4200/5555/b30548k/CRM-5555/src/main/java/pl/coderslab/repository/CompanyRepository.java
2025-10-14 07:15:56,089 - Knowledge - INFO - start ingest for /app/data/kaviademo4200/5555/b30548k/CRM-5555/src/main/java/pl/coderslab/CrmApplication.java
2025-10-14 07:15:56,191 - Knowledge - INFO - start ingest for /app/data/kaviademo4200/5555/b30548k/CRM-5555/src/main/java/pl/coderslab/web/ContractController.java
2025-10-14 07:15:56,417 - Knowledge - INFO - start ingest for /app/data/kaviademo4200/5555/b30548k/CRM-5555/src/main/java/pl/coderslab/SwaggerConfig.java
2025-10-14 07:15:56,674 - Knowledge - INFO - Fast-track processing for simple file: /app/data/kaviademo4200/5555/b30548k/CRM-5555/src/main/java/pl/coderslab/repository/UserRepository.java
2025-10-14 07:15:57,165 - Knowledge - INFO - Thread kw7 - File ClientController.java - Remaining files in queue: 82
2025-10-14 07:15:57,202 - Knowledge - INFO - done ingest for /app/data/kaviademo4200/5555/b30548k/CRM-5555/src/main/java/pl/coderslab/repository/NotificationRepository.java
2025-10-14 07:15:57,293 - Knowledge - INFO - Found code_base: <app.utils.kg_build.knowledge.KnowledgeCodeBase object at 0x7f2391739010>
2025-10-14 07:15:57,380 - Knowledge - INFO - Thread kw6 - File ImportController.java - Remaining files in queue: 82
2025-10-14 07:15:57,466 - Knowledge - INFO - Thread kw17 - File SecurityConfig.java - Remaining files in queue: 82
2025-10-14 07:15:57,547 - Knowledge - INFO - worker kw30 pull /app/data/kaviademo4200/5555/b30548k/CRM-5555/src/main/java/pl/coderslab/service/ClientService.java from ingest queue
2025-10-14 07:15:57,548 - Knowledge - INFO - adding /app/data/kaviademo4200/5555/b30548k/CRM-5555/doc/deprecated-list.html to ingest queue
2025-10-14 07:15:58,099 - Knowledge - INFO - done fast ingest for /app/data/kaviademo4200/5555/b30548k/CRM-5555/src/main/java/pl/coderslab/repository/UserRepository.java
2025-10-14 07:15:58,186 - Knowledge - INFO - start ingest for /app/data/kaviademo4200/5555/b30548k/CRM-5555/src/main/java/pl/coderslab/web/ClientController.java
2025-10-14 07:15:58,264 - Knowledge - INFO - process ingested knowledge for /app/data/kaviademo4200/5555/b30548k/CRM-5555/src/main/java/pl/coderslab/repository/NotificationRepository.java
2025-10-14 07:15:58,320 - Knowledge - INFO - done ingest for /app/data/kaviademo4200/5555/b30548k/CRM-5555/src/main/java/pl/coderslab/AuthenticationFacade.java
2025-10-14 07:15:58,361 - Knowledge - INFO - persist ingested knowledge for /app/data/kaviademo4200/5555/b30548k/CRM-5555/src/main/java/pl/coderslab/repository/ContractRepository.java
2025-10-14 07:15:58,484 - Knowledge - INFO - start ingest for /app/data/kaviademo4200/5555/b30548k/CRM-5555/src/main/java/pl/coderslab/web/ImportController.java
2025-10-14 07:15:58,588 - Knowledge - INFO - start ingest for /app/data/kaviademo4200/5555/b30548k/CRM-5555/src/main/java/pl/coderslab/SecurityConfig.java
2025-10-14 07:15:58,666 - Knowledge - INFO - Thread kw30 - File ClientService.java - Remaining files in queue: 82
2025-10-14 07:15:58,779 - Knowledge - INFO - worker kw26 pull /app/data/kaviademo4200/5555/b30548k/CRM-5555/src/main/java/pl/coderslab/service/UserService.java from ingest queue
2025-10-14 07:15:59,697 - Knowledge - INFO - Thread kw26 - File UserService.java - Remaining files in queue: 80
2025-10-14 07:15:58,888 - Knowledge - INFO - worker kw29 pull /app/data/kaviademo4200/5555/b30548k/CRM-5555/src/main/java/pl/coderslab/web/HomeController.java from ingest queue
2025-10-14 07:15:58,888 - Knowledge - INFO - worker kw19 pull /app/data/kaviademo4200/5555/b30548k/CRM-5555/src/main/java/pl/coderslab/web/AdminController.java from ingest queue
2025-10-14 07:15:59,200 - Knowledge - INFO - process ingested knowledge for /app/data/kaviademo4200/5555/b30548k/CRM-5555/src/main/java/pl/coderslab/AuthenticationFacade.java
2025-10-14 07:15:59,398 - Knowledge - INFO - persist search terms embedding for src/test/java/pl/coderslab/ContractServiceTest.java
2025-10-14 07:15:59,580 - Knowledge - INFO - start ingest for /app/data/kaviademo4200/5555/b30548k/CRM-5555/src/main/java/pl/coderslab/service/ClientService.java
2025-10-14 07:15:58,885 - Knowledge - INFO - process ingested knowledge for /app/data/kaviademo4200/5555/b30548k/CRM-5555/src/main/java/pl/coderslab/repository/UserRepository.java
2025-10-14 07:15:59,815 - Knowledge - INFO - start ingest for /app/data/kaviademo4200/5555/b30548k/CRM-5555/src/main/java/pl/coderslab/service/UserService.java
2025-10-14 07:15:59,911 - Knowledge - INFO - Thread kw29 - File HomeController.java - Remaining files in queue: 80
2025-10-14 07:16:00,030 - Knowledge - INFO - Thread kw19 - File AdminController.java - Remaining files in queue: 80
2025-10-14 07:16:00,393 - Knowledge - INFO - Found code-base-name: https://github.com/kavia-common/CRM-5555.git:kavia-master
2025-10-14 07:16:00,393 - Knowledge - INFO - worker kw24 pull /app/data/kaviademo4200/5555/b30548k/CRM-5555/src/main/java/pl/coderslab/service/ClientServiceImpl.java from ingest queue
2025-10-14 07:16:00,393 - Knowledge - INFO - worker kw23 pull /app/data/kaviademo4200/5555/b30548k/CRM-5555/src/main/java/pl/coderslab/service/UserServiceImpl.java from ingest queue
2025-10-14 07:16:00,393 - Knowledge - INFO - worker kw4 pull /app/data/kaviademo4200/5555/b30548k/CRM-5555/src/main/java/pl/coderslab/service/CsvImportExportService.java from ingest queue
2025-10-14 07:16:00,393 - Knowledge - INFO - worker kw5 pull /app/data/kaviademo4200/5555/b30548k/CRM-5555/src/main/java/pl/coderslab/service/PdfService.java from ingest queue
2025-10-14 07:16:00,393 - Knowledge - INFO - worker kw28 pull /app/data/kaviademo4200/5555/b30548k/CRM-5555/src/main/java/pl/coderslab/service/AddressService.java from ingest queue
2025-10-14 07:16:00,471 - Knowledge - INFO - worker kw2 pull /app/data/kaviademo4200/5555/b30548k/CRM-5555/src/main/java/pl/coderslab/service/ContractService.java from ingest queue
2025-10-14 07:16:00,471 - Knowledge - INFO - worker kw18 pull /app/data/kaviademo4200/5555/b30548k/CRM-5555/src/main/java/pl/coderslab/entity/Report.java from ingest queue
2025-10-14 07:16:00,471 - Knowledge - INFO - Found code-base-name: https://github.com/kavia-common/CRM-5555.git:kavia-master
2025-10-14 07:16:00,471 - Knowledge - INFO - Found code-base-name: https://github.com/kavia-common/CRM-5555.git:kavia-master
2025-10-14 07:16:00,564 - Knowledge - INFO - worker kw13 pull /app/data/kaviademo4200/5555/b30548k/CRM-5555/src/main/java/pl/coderslab/service/NotificationService.java from ingest queue
2025-10-14 07:16:00,564 - Knowledge - INFO - Found code-base-name: https://github.com/kavia-common/CRM-5555.git:kavia-master
2025-10-14 07:16:00,564 - Knowledge - INFO - Found code-base-name: https://github.com/kavia-common/CRM-5555.git:kavia-master
2025-10-14 07:16:00,564 - Knowledge - INFO - worker kw21 pull /app/data/kaviademo4200/5555/b30548k/CRM-5555/src/main/java/pl/coderslab/entity/User.java from ingest queue
2025-10-14 07:16:00,564 - Knowledge - INFO - worker kw20 pull /app/data/kaviademo4200/5555/b30548k/CRM-5555/src/main/java/pl/coderslab/entity/Role.java from ingest queue
2025-10-14 07:16:00,681 - Knowledge - INFO - start ingest for /app/data/kaviademo4200/5555/b30548k/CRM-5555/src/main/java/pl/coderslab/web/HomeController.java
2025-10-14 07:16:00,797 - Knowledge - INFO - start ingest for /app/data/kaviademo4200/5555/b30548k/CRM-5555/src/main/java/pl/coderslab/web/AdminController.java
2025-10-14 07:16:00,934 - Knowledge - INFO - Found code_base: <app.utils.kg_build.knowledge.KnowledgeCodeBase object at 0x7f2391739010>
2025-10-14 07:16:01,054 - Knowledge - INFO - Thread kw24 - File ClientServiceImpl.java - Remaining files in queue: 70
2025-10-14 07:16:01,172 - Knowledge - INFO - Thread kw23 - File UserServiceImpl.java - Remaining files in queue: 70
2025-10-14 07:16:01,259 - Knowledge - INFO - Thread kw4 - File CsvImportExportService.java - Remaining files in queue: 70
2025-10-14 07:16:01,373 - Knowledge - INFO - Thread kw5 - File PdfService.java - Remaining files in queue: 70
2025-10-14 07:16:01,460 - Knowledge - INFO - Thread kw28 - File AddressService.java - Remaining files in queue: 70
2025-10-14 07:16:01,582 - Knowledge - INFO - Thread kw2 - File ContractService.java - Remaining files in queue: 70
2025-10-14 07:16:01,696 - Knowledge - INFO - Thread kw18 - File Report.java - Remaining files in queue: 70
2025-10-14 07:16:01,804 - Knowledge - INFO - Found code_base: <app.utils.kg_build.knowledge.KnowledgeCodeBase object at 0x7f2391739010>
2025-10-14 07:16:01,902 - Knowledge - INFO - Found code_base: <app.utils.kg_build.knowledge.KnowledgeCodeBase object at 0x7f2391739010>
2025-10-14 07:16:02,009 - Knowledge - INFO - Thread kw13 - File NotificationService.java - Remaining files in queue: 70
2025-10-14 07:16:02,090 - Knowledge - INFO - Found code_base: <app.utils.kg_build.knowledge.KnowledgeCodeBase object at 0x7f2391739010>
2025-10-14 07:16:02,130 - Knowledge - INFO - done ingest for /app/data/kaviademo4200/5555/b30548k/CRM-5555/src/main/java/pl/coderslab/api/ClientResource.java
2025-10-14 07:16:02,200 - Knowledge - INFO - Found code_base: <app.utils.kg_build.knowledge.KnowledgeCodeBase object at 0x7f2391739010>
2025-10-14 07:16:02,285 - Knowledge - INFO - Thread kw21 - File User.java - Remaining files in queue: 70
2025-10-14 07:16:02,385 - Knowledge - INFO - Thread kw20 - File Role.java - Remaining files in queue: 70
2025-10-14 07:16:02,655 - Knowledge - INFO - persist ingested knowledge for /app/data/kaviademo4200/5555/b30548k/CRM-5555/src/main/java/pl/coderslab/repository/EventRepository.java
2025-10-14 07:16:02,757 - Knowledge - INFO - start ingest for /app/data/kaviademo4200/5555/b30548k/CRM-5555/src/main/java/pl/coderslab/service/ClientServiceImpl.java
2025-10-14 07:16:02,868 - Knowledge - INFO - start ingest for /app/data/kaviademo4200/5555/b30548k/CRM-5555/src/main/java/pl/coderslab/service/UserServiceImpl.java
2025-10-14 07:16:02,963 - Knowledge - INFO - start ingest for /app/data/kaviademo4200/5555/b30548k/CRM-5555/src/main/java/pl/coderslab/service/CsvImportExportService.java
2025-10-14 07:16:03,074 - Knowledge - INFO - start ingest for /app/data/kaviademo4200/5555/b30548k/CRM-5555/src/main/java/pl/coderslab/service/PdfService.java
2025-10-14 07:16:03,195 - Knowledge - INFO - start ingest for /app/data/kaviademo4200/5555/b30548k/CRM-5555/src/main/java/pl/coderslab/service/AddressService.java
2025-10-14 07:16:03,294 - Knowledge - INFO - start ingest for /app/data/kaviademo4200/5555/b30548k/CRM-5555/src/main/java/pl/coderslab/service/ContractService.java
2025-10-14 07:16:03,378 - Knowledge - INFO - start ingest for /app/data/kaviademo4200/5555/b30548k/CRM-5555/src/main/java/pl/coderslab/entity/Report.java
2025-10-14 07:16:03,463 - Knowledge - INFO - persist ingested knowledge for /app/data/kaviademo4200/5555/b30548k/CRM-5555/src/main/java/pl/coderslab/repository/ContactPersonRepository.java
2025-10-14 07:16:03,541 - Knowledge - INFO - persist ingested knowledge for /app/data/kaviademo4200/5555/b30548k/CRM-5555/src/main/java/pl/coderslab/AuthenticationFacade.java
2025-10-14 07:16:03,621 - Knowledge - INFO - start ingest for /app/data/kaviademo4200/5555/b30548k/CRM-5555/src/main/java/pl/coderslab/service/NotificationService.java
2025-10-14 07:16:03,698 - Knowledge - INFO - persist ingested knowledge for /app/data/kaviademo4200/5555/b30548k/CRM-5555/src/main/java/pl/coderslab/repository/NotificationRepository.java
2025-10-14 07:16:03,809 - Knowledge - INFO - process ingested knowledge for /app/data/kaviademo4200/5555/b30548k/CRM-5555/src/main/java/pl/coderslab/api/ClientResource.java
2025-10-14 07:16:03,902 - Knowledge - INFO - persist ingested knowledge for /app/data/kaviademo4200/5555/b30548k/CRM-5555/src/main/java/pl/coderslab/repository/UserRepository.java
2025-10-14 07:16:04,016 - Knowledge - INFO - start ingest for /app/data/kaviademo4200/5555/b30548k/CRM-5555/src/main/java/pl/coderslab/entity/User.java
2025-10-14 07:16:04,128 - Knowledge - INFO - start ingest for /app/data/kaviademo4200/5555/b30548k/CRM-5555/src/main/java/pl/coderslab/entity/Role.java
2025-10-14 07:16:04,404 - Knowledge - INFO - done ingest for /app/data/kaviademo4200/5555/b30548k/CRM-5555/src/main/java/pl/coderslab/repository/ClientRepository.java
2025-10-14 07:16:05,026 - Knowledge - INFO - persist search terms embedding for src/main/java/pl/coderslab/repository/EventRepository.java
2025-10-14 07:16:06,185 - Knowledge - INFO - process ingested knowledge for /app/data/kaviademo4200/5555/b30548k/CRM-5555/src/main/java/pl/coderslab/repository/ClientRepository.java
2025-10-14 07:16:07,238 - Knowledge - INFO - persist search terms embedding for src/main/java/pl/coderslab/AuthenticationFacade.java
2025-10-14 07:16:07,853 - Knowledge - INFO - persist search terms embedding for src/main/java/pl/coderslab/repository/NotificationRepository.java
2025-10-14 07:16:08,045 - Knowledge - INFO - Found code-base-name: https://github.com/kavia-common/CRM-5555.git:kavia-master
2025-10-14 07:16:08,175 - Knowledge - INFO - Found code_base: <app.utils.kg_build.knowledge.KnowledgeCodeBase object at 0x7f2391739010>
2025-10-14 07:16:08,211 - Knowledge - INFO - done ingest for /app/data/kaviademo4200/5555/b30548k/CRM-5555/src/main/java/pl/coderslab/web/EventController.java
2025-10-14 07:16:08,336 - Knowledge - INFO - persist ingested knowledge for /app/data/kaviademo4200/5555/b30548k/CRM-5555/src/main/java/pl/coderslab/api/ClientResource.java
2025-10-14 07:16:08,440 - Knowledge - INFO - worker kw16 pull /app/data/kaviademo4200/5555/b30548k/CRM-5555/src/main/java/pl/coderslab/entity/ContactPerson.java from ingest queue
2025-10-14 07:16:08,451 - Knowledge - INFO - worker kw9 pull /app/data/kaviademo4200/5555/b30548k/CRM-5555/src/main/java/pl/coderslab/entity/Notification.java from ingest queue
2025-10-14 07:16:08,455 - Knowledge - INFO - worker kw11 pull /app/data/kaviademo4200/5555/b30548k/CRM-5555/src/main/java/pl/coderslab/entity/Company.java from ingest queue
2025-10-14 07:16:08,477 - Knowledge - INFO - worker kw25 pull /app/data/kaviademo4200/5555/b30548k/CRM-5555/src/main/java/pl/coderslab/entity/Event.java from ingest queue
2025-10-14 07:16:08,481 - Knowledge - INFO - Found code-base-name: https://github.com/kavia-common/CRM-5555.git:kavia-master
2025-10-14 07:16:08,482 - Knowledge - INFO - worker kw12 pull /app/data/kaviademo4200/5555/b30548k/CRM-5555/src/main/java/pl/coderslab/entity/Contract.java from ingest queue
2025-10-14 07:16:08,483 - Knowledge - INFO - process ingested knowledge for /app/data/kaviademo4200/5555/b30548k/CRM-5555/src/main/java/pl/coderslab/web/EventController.java
2025-10-14 07:16:08,717 - Knowledge - INFO - Thread kw16 - File ContactPerson.java - Remaining files in queue: 65
2025-10-14 07:16:08,831 - Knowledge - INFO - Thread kw9 - File Notification.java - Remaining files in queue: 65
2025-10-14 07:16:08,951 - Knowledge - INFO - Thread kw11 - File Company.java - Remaining files in queue: 65
2025-10-14 07:16:09,087 - Knowledge - INFO - Thread kw25 - File Event.java - Remaining files in queue: 65
2025-10-14 07:16:09,162 - Knowledge - INFO - persist search terms embedding for src/main/java/pl/coderslab/api/ClientResource.java
2025-10-14 07:16:09,244 - Knowledge - INFO - Found code_base: <app.utils.kg_build.knowledge.KnowledgeCodeBase object at 0x7f2391739010>
2025-10-14 07:16:09,366 - Knowledge - INFO - Thread kw12 - File Contract.java - Remaining files in queue: 65
2025-10-14 07:16:09,628 - Knowledge - INFO - start ingest for /app/data/kaviademo4200/5555/b30548k/CRM-5555/src/main/java/pl/coderslab/entity/ContactPerson.java
2025-10-14 07:16:09,728 - Knowledge - INFO - start ingest for /app/data/kaviademo4200/5555/b30548k/CRM-5555/src/main/java/pl/coderslab/entity/Notification.java
2025-10-14 07:16:09,839 - Knowledge - INFO - start ingest for /app/data/kaviademo4200/5555/b30548k/CRM-5555/src/main/java/pl/coderslab/entity/Company.java
2025-10-14 07:16:10,011 - Knowledge - INFO - start ingest for /app/data/kaviademo4200/5555/b30548k/CRM-5555/src/main/java/pl/coderslab/entity/Event.java
2025-10-14 07:16:10,118 - Knowledge - INFO - Found code-base-name: https://github.com/kavia-common/CRM-5555.git:kavia-master
2025-10-14 07:16:10,118 - Knowledge - INFO - worker kw15 pull /app/data/kaviademo4200/5555/b30548k/CRM-5555/src/main/resources/static/js/main.js from ingest queue
2025-10-14 07:16:10,247 - Knowledge - INFO - persist ingested knowledge for /app/data/kaviademo4200/5555/b30548k/CRM-5555/src/main/java/pl/coderslab/repository/ClientRepository.java
2025-10-14 07:16:10,347 - Knowledge - INFO - start ingest for /app/data/kaviademo4200/5555/b30548k/CRM-5555/src/main/java/pl/coderslab/entity/Contract.java
2025-10-14 07:16:10,892 - Knowledge - INFO - Found code_base: <app.utils.kg_build.knowledge.KnowledgeCodeBase object at 0x7f2391739010>
2025-10-14 07:16:10,992 - Knowledge - INFO - Thread kw15 - File main.js - Remaining files in queue: 64
2025-10-14 07:16:11,184 - Knowledge - INFO - done ingest for /app/data/kaviademo4200/5555/b30548k/CRM-5555/src/main/java/pl/coderslab/web/EmployeeSearchController.java
2025-10-14 07:16:11,330 - Knowledge - INFO - persist ingested knowledge for /app/data/kaviademo4200/5555/b30548k/CRM-5555/src/main/java/pl/coderslab/web/EventController.java
2025-10-14 07:16:11,457 - Knowledge - INFO - start ingest for /app/data/kaviademo4200/5555/b30548k/CRM-5555/src/main/resources/static/js/main.js
2025-10-14 07:16:11,538 - Knowledge - INFO - process ingested knowledge for /app/data/kaviademo4200/5555/b30548k/CRM-5555/src/main/java/pl/coderslab/web/EmployeeSearchController.java
2025-10-14 07:16:11,693 - Knowledge - INFO - persist search terms embedding for src/main/java/pl/coderslab/repository/ClientRepository.java
2025-10-14 07:16:12,427 - Knowledge - INFO - persist search terms embedding for src/main/java/pl/coderslab/web/EventController.java
2025-10-14 07:16:12,555 - Knowledge - INFO - Found code-base-name: https://github.com/kavia-common/CRM-5555.git:kavia-master
2025-10-14 07:16:12,558 - Knowledge - INFO - worker kw1 pull /app/data/kaviademo4200/5555/b30548k/CRM-5555/src/main/java/pl/coderslab/entity/Office.java from ingest queue
2025-10-14 07:16:12,567 - Knowledge - INFO - worker kw8 pull /app/data/kaviademo4200/5555/b30548k/CRM-5555/src/main/java/pl/coderslab/entity/Address.java from ingest queue
2025-10-14 07:16:12,677 - Knowledge - INFO - Found code_base: <app.utils.kg_build.knowledge.KnowledgeCodeBase object at 0x7f2391739010>
2025-10-14 07:16:12,774 - Knowledge - INFO - Thread kw1 - File Office.java - Remaining files in queue: 62
2025-10-14 07:16:13,174 - Knowledge - INFO - start ingest for /app/data/kaviademo4200/5555/b30548k/CRM-5555/src/main/java/pl/coderslab/entity/Office.java
2025-10-14 07:16:13,043 - Knowledge - INFO - done ingest for /app/data/kaviademo4200/5555/b30548k/CRM-5555/src/main/java/pl/coderslab/CrmApplication.java
2025-10-14 07:16:13,070 - Knowledge - INFO - persist ingested knowledge for /app/data/kaviademo4200/5555/b30548k/CRM-5555/src/main/java/pl/coderslab/web/EmployeeSearchController.java
2025-10-14 07:16:12,956 - Knowledge - INFO - Thread kw8 - File Address.java - Remaining files in queue: 62
2025-10-14 07:16:13,389 - Knowledge - INFO - process ingested knowledge for /app/data/kaviademo4200/5555/b30548k/CRM-5555/src/main/java/pl/coderslab/CrmApplication.java
2025-10-14 07:16:13,601 - Knowledge - INFO - start ingest for /app/data/kaviademo4200/5555/b30548k/CRM-5555/src/main/java/pl/coderslab/entity/Address.java
2025-10-14 07:16:13,907 - Knowledge - INFO - done ingest for /app/data/kaviademo4200/5555/b30548k/CRM-5555/src/main/java/pl/coderslab/web/ContractController.java
2025-10-14 07:16:14,058 - Knowledge - INFO - process ingested knowledge for /app/data/kaviademo4200/5555/b30548k/CRM-5555/src/main/java/pl/coderslab/web/ContractController.java
2025-10-14 07:16:14,246 - Knowledge - INFO - persist search terms embedding for src/main/java/pl/coderslab/web/EmployeeSearchController.java
2025-10-14 07:16:14,360 - Knowledge - INFO - Found code-base-name: https://github.com/kavia-common/CRM-5555.git:kavia-master
2025-10-14 07:16:14,461 - Knowledge - INFO - Found code_base: <app.utils.kg_build.knowledge.KnowledgeCodeBase object at 0x7f2391739010>
2025-10-14 07:16:14,415 - Knowledge - INFO - worker kw14 pull /app/data/kaviademo4200/5555/b30548k/CRM-5555/src/main/java/pl/coderslab/SpringDataUserDetailsService.java from ingest queue
2025-10-14 07:16:14,413 - Knowledge - INFO - Found code-base-name: https://github.com/kavia-common/CRM-5555.git:kavia-master
2025-10-14 07:16:14,596 - Knowledge - INFO - persist ingested knowledge for /app/data/kaviademo4200/5555/b30548k/CRM-5555/src/main/java/pl/coderslab/CrmApplication.java
2025-10-14 07:16:14,762 - Knowledge - INFO - Thread kw14 - File SpringDataUserDetailsService.java - Remaining files in queue: 61
2025-10-14 07:16:14,918 - Knowledge - INFO - Found code_base: <app.utils.kg_build.knowledge.KnowledgeCodeBase object at 0x7f2391739010>
2025-10-14 07:16:15,101 - Knowledge - INFO - done ingest for /app/data/kaviademo4200/5555/b30548k/CRM-5555/src/main/java/pl/coderslab/SwaggerConfig.java
2025-10-14 07:16:15,229 - Knowledge - INFO - start ingest for /app/data/kaviademo4200/5555/b30548k/CRM-5555/src/main/java/pl/coderslab/SpringDataUserDetailsService.java
2025-10-14 07:16:15,382 - Knowledge - INFO - persist ingested knowledge for /app/data/kaviademo4200/5555/b30548k/CRM-5555/src/main/java/pl/coderslab/web/ContractController.java
2025-10-14 07:16:15,590 - Knowledge - INFO - process ingested knowledge for /app/data/kaviademo4200/5555/b30548k/CRM-5555/src/main/java/pl/coderslab/SwaggerConfig.java
2025-10-14 07:16:16,151 - Knowledge - INFO - persist search terms embedding for src/main/java/pl/coderslab/CrmApplication.java
2025-10-14 07:16:16,910 - Knowledge - INFO - persist search terms embedding for src/main/java/pl/coderslab/web/ContractController.java
2025-10-14 07:16:17,018 - Knowledge - INFO - Found code-base-name: https://github.com/kavia-common/CRM-5555.git:kavia-master
2025-10-14 07:16:17,023 - Knowledge - INFO - worker kw22 pull /app/data/kaviademo4200/5555/b30548k/CRM-5555/src/main/java/pl/coderslab/dto/ClientDto.java from ingest queue
2025-10-14 07:16:17,024 - Knowledge - INFO - worker kw10 pull /app/data/kaviademo4200/5555/b30548k/CRM-5555/src/main/resources/static/js/jquery-3.2.1.min.js from ingest queue
2025-10-14 07:16:17,109 - Knowledge - INFO - Found code_base: <app.utils.kg_build.knowledge.KnowledgeCodeBase object at 0x7f2391739010>
2025-10-14 07:16:17,189 - Knowledge - INFO - Thread kw22 - File ClientDto.java - Remaining files in queue: 59
2025-10-14 07:16:17,295 - Knowledge - INFO - Thread kw10 - File jquery-3.2.1.min.js - Remaining files in queue: 59
2025-10-14 07:16:17,399 - Knowledge - INFO - persist ingested knowledge for /app/data/kaviademo4200/5555/b30548k/CRM-5555/src/main/java/pl/coderslab/SwaggerConfig.java
2025-10-14 07:16:17,494 - Knowledge - INFO - start ingest for /app/data/kaviademo4200/5555/b30548k/CRM-5555/src/main/java/pl/coderslab/dto/ClientDto.java
2025-10-14 07:16:17,612 - Knowledge - INFO - start ingest for /app/data/kaviademo4200/5555/b30548k/CRM-5555/src/main/resources/static/js/jquery-3.2.1.min.js
2025-10-14 07:16:18,235 - Knowledge - INFO - persist search terms embedding for src/main/java/pl/coderslab/SwaggerConfig.java
2025-10-14 07:16:18,324 - Knowledge - INFO - worker kw27 pull /app/data/kaviademo4200/5555/b30548k/CRM-5555/src/main/resources/static/js/plugins/jquery.dataTables.min.js from ingest queue
2025-10-14 07:16:18,456 - Knowledge - INFO - Thread kw27 - File jquery.dataTables.min.js - Remaining files in queue: 58
2025-10-14 07:16:18,589 - Knowledge - INFO - start ingest for /app/data/kaviademo4200/5555/b30548k/CRM-5555/src/main/resources/static/js/plugins/jquery.dataTables.min.js
2025-10-14 07:16:20,852 - Knowledge - INFO - done ingest for /app/data/kaviademo4200/5555/b30548k/CRM-5555/src/main/java/pl/coderslab/web/ManagerSearchController.java
2025-10-14 07:16:20,998 - Knowledge - INFO - process ingested knowledge for /app/data/kaviademo4200/5555/b30548k/CRM-5555/src/main/java/pl/coderslab/web/ManagerSearchController.java
2025-10-14 07:16:21,007 - Knowledge - INFO - done ingest for /app/data/kaviademo4200/5555/b30548k/CRM-5555/src/main/java/pl/coderslab/web/ImportController.java
2025-10-14 07:16:21,086 - Knowledge - INFO - Found code-base-name: https://github.com/kavia-common/CRM-5555.git:kavia-master
2025-10-14 07:16:21,181 - Knowledge - INFO - done ingest for /app/data/kaviademo4200/5555/b30548k/CRM-5555/src/main/java/pl/coderslab/web/ClientController.java
2025-10-14 07:16:21,185 - Knowledge - INFO - process ingested knowledge for /app/data/kaviademo4200/5555/b30548k/CRM-5555/src/main/java/pl/coderslab/web/ImportController.java
2025-10-14 07:16:21,285 - Knowledge - INFO - Found code_base: <app.utils.kg_build.knowledge.KnowledgeCodeBase object at 0x7f2391739010>
2025-10-14 07:16:21,423 - Knowledge - INFO - process ingested knowledge for /app/data/kaviademo4200/5555/b30548k/CRM-5555/src/main/java/pl/coderslab/web/ClientController.java
2025-10-14 07:16:21,602 - Knowledge - INFO - Found code-base-name: https://github.com/kavia-common/CRM-5555.git:kavia-master
2025-10-14 07:16:21,715 - Knowledge - INFO - persist ingested knowledge for /app/data/kaviademo4200/5555/b30548k/CRM-5555/src/main/java/pl/coderslab/web/ManagerSearchController.java
2025-10-14 07:16:21,808 - Knowledge - INFO - Found code-base-name: https://github.com/kavia-common/CRM-5555.git:kavia-master
2025-10-14 07:16:21,922 - Knowledge - INFO - Found code_base: <app.utils.kg_build.knowledge.KnowledgeCodeBase object at 0x7f2391739010>
2025-10-14 07:16:22,259 - Knowledge - INFO - Found code_base: <app.utils.kg_build.knowledge.KnowledgeCodeBase object at 0x7f2391739010>
2025-10-14 07:16:22,490 - Knowledge - INFO - persist ingested knowledge for /app/data/kaviademo4200/5555/b30548k/CRM-5555/src/main/java/pl/coderslab/web/ImportController.java
2025-10-14 07:16:22,667 - Knowledge - INFO - persist ingested knowledge for /app/data/kaviademo4200/5555/b30548k/CRM-5555/src/main/java/pl/coderslab/web/ClientController.java
2025-10-14 07:16:23,171 - Knowledge - INFO - persist search terms embedding for src/main/java/pl/coderslab/web/ManagerSearchController.java
2025-10-14 07:16:23,945 - Knowledge - INFO - done ingest for /app/data/kaviademo4200/5555/b30548k/CRM-5555/src/main/java/pl/coderslab/service/ClientService.java
2025-10-14 07:16:24,045 - Knowledge - INFO - process ingested knowledge for /app/data/kaviademo4200/5555/b30548k/CRM-5555/src/main/java/pl/coderslab/service/ClientService.java
2025-10-14 07:16:24,128 - Knowledge - INFO - done ingest for /app/data/kaviademo4200/5555/b30548k/CRM-5555/src/main/java/pl/coderslab/SecurityConfig.java
2025-10-14 07:16:24,153 - Knowledge - INFO - done ingest for /app/data/kaviademo4200/5555/b30548k/CRM-5555/src/main/java/pl/coderslab/service/UserService.java
2025-10-14 07:16:24,224 - Knowledge - INFO - persist search terms embedding for src/main/java/pl/coderslab/web/ImportController.java
2025-10-14 07:16:24,348 - Knowledge - INFO - process ingested knowledge for /app/data/kaviademo4200/5555/b30548k/CRM-5555/src/main/java/pl/coderslab/SecurityConfig.java
2025-10-14 07:16:24,434 - Knowledge - INFO - process ingested knowledge for /app/data/kaviademo4200/5555/b30548k/CRM-5555/src/main/java/pl/coderslab/service/UserService.java
2025-10-14 07:16:25,520 - Knowledge - INFO - persist search terms embedding for src/main/java/pl/coderslab/web/ClientController.java
2025-10-14 07:16:25,703 - Knowledge - INFO - worker kw3 pull /app/data/kaviademo4200/5555/b30548k/CRM-5555/src/main/java/pl/coderslab/dto/ClientMapper.java from ingest queue
2025-10-14 07:16:25,709 - Knowledge - INFO - Found code-base-name: https://github.com/kavia-common/CRM-5555.git:kavia-master
2025-10-14 07:16:25,726 - Knowledge - INFO - Found code-base-name: https://github.com/kavia-common/CRM-5555.git:kavia-master
2025-10-14 07:16:25,728 - Knowledge - INFO - Found code-base-name: https://github.com/kavia-common/CRM-5555.git:kavia-master
2025-10-14 07:16:25,737 - Knowledge - INFO - worker kw6 pull /app/data/kaviademo4200/5555/b30548k/CRM-5555/src/main/resources/static/js/plugins/pace.min.js from ingest queue
2025-10-14 07:16:25,749 - Knowledge - INFO - worker kw7 pull /app/data/kaviademo4200/5555/b30548k/CRM-5555/src/main/resources/static/css/main.css from ingest queue
2025-10-14 07:16:25,768 - Knowledge - INFO - done ingest for /app/data/kaviademo4200/5555/b30548k/CRM-5555/src/main/java/pl/coderslab/web/HomeController.java
2025-10-14 07:16:25,787 - Knowledge - INFO - Thread kw3 - File ClientMapper.java - Remaining files in queue: 55
2025-10-14 07:16:25,927 - Knowledge - INFO - Found code_base: <app.utils.kg_build.knowledge.KnowledgeCodeBase object at 0x7f2391739010>
2025-10-14 07:16:26,038 - Knowledge - INFO - Found code_base: <app.utils.kg_build.knowledge.KnowledgeCodeBase object at 0x7f2391739010>
2025-10-14 07:16:26,131 - Knowledge - INFO - Found code_base: <app.utils.kg_build.knowledge.KnowledgeCodeBase object at 0x7f2391739010>
2025-10-14 07:16:26,247 - Knowledge - INFO - Thread kw6 - File pace.min.js - Remaining files in queue: 55
2025-10-14 07:16:26,334 - Knowledge - INFO - Thread kw7 - File main.css - Remaining files in queue: 55
2025-10-14 07:16:26,460 - Knowledge - INFO - process ingested knowledge for /app/data/kaviademo4200/5555/b30548k/CRM-5555/src/main/java/pl/coderslab/web/HomeController.java
2025-10-14 07:16:26,582 - Knowledge - INFO - start ingest for /app/data/kaviademo4200/5555/b30548k/CRM-5555/src/main/java/pl/coderslab/dto/ClientMapper.java
2025-10-14 07:16:26,672 - Knowledge - INFO - persist ingested knowledge for /app/data/kaviademo4200/5555/b30548k/CRM-5555/src/main/java/pl/coderslab/service/ClientService.java
2025-10-14 07:16:26,751 - Knowledge - INFO - done ingest for /app/data/kaviademo4200/5555/b30548k/CRM-5555/src/main/java/pl/coderslab/web/AdminController.java
2025-10-14 07:16:26,822 - Knowledge - INFO - persist ingested knowledge for /app/data/kaviademo4200/5555/b30548k/CRM-5555/src/main/java/pl/coderslab/SecurityConfig.java
2025-10-14 07:16:26,938 - Knowledge - INFO - persist ingested knowledge for /app/data/kaviademo4200/5555/b30548k/CRM-5555/src/main/java/pl/coderslab/service/UserService.java
2025-10-14 07:16:27,060 - Knowledge - INFO - start ingest for /app/data/kaviademo4200/5555/b30548k/CRM-5555/src/main/resources/static/js/plugins/pace.min.js
2025-10-14 07:16:27,187 - Knowledge - INFO - start ingest for /app/data/kaviademo4200/5555/b30548k/CRM-5555/src/main/resources/static/css/main.css
2025-10-14 07:16:27,297 - Knowledge - INFO - Found code-base-name: https://github.com/kavia-common/CRM-5555.git:kavia-master
2025-10-14 07:16:27,653 - Knowledge - INFO - process ingested knowledge for /app/data/kaviademo4200/5555/b30548k/CRM-5555/src/main/java/pl/coderslab/web/AdminController.java
2025-10-14 07:16:28,190 - Knowledge - INFO - persist search terms embedding for src/main/java/pl/coderslab/service/ClientService.java
2025-10-14 07:16:28,245 - Knowledge - INFO - Found code_base: <app.utils.kg_build.knowledge.KnowledgeCodeBase object at 0x7f2391739010>
2025-10-14 07:16:28,616 - Knowledge - INFO - persist ingested knowledge for /app/data/kaviademo4200/5555/b30548k/CRM-5555/src/main/java/pl/coderslab/web/HomeController.java
2025-10-14 07:16:29,359 - Knowledge - INFO - done ingest for /app/data/kaviademo4200/5555/b30548k/CRM-5555/src/main/java/pl/coderslab/service/CsvImportExportService.java
2025-10-14 07:16:29,496 - Knowledge - INFO - process ingested knowledge for /app/data/kaviademo4200/5555/b30548k/CRM-5555/src/main/java/pl/coderslab/service/CsvImportExportService.java
2025-10-14 07:16:29,764 - Knowledge - INFO - persist search terms embedding for src/main/java/pl/coderslab/SecurityConfig.java
2025-10-14 07:16:30,684 - Knowledge - INFO - persist search terms embedding for src/main/java/pl/coderslab/service/UserService.java
2025-10-14 07:16:30,823 - Knowledge - INFO - Found code-base-name: https://github.com/kavia-common/CRM-5555.git:kavia-master
2025-10-14 07:16:30,823 - Knowledge - INFO - worker kw30 pull /app/data/kaviademo4200/5555/b30548k/CRM-5555/src/main/resources/static/js/plugins/sweetalert.min.js from ingest queue
2025-10-14 07:16:30,946 - Knowledge - INFO - Found code_base: <app.utils.kg_build.knowledge.KnowledgeCodeBase object at 0x7f2391739010>
2025-10-14 07:16:31,075 - Knowledge - INFO - Thread kw30 - File sweetalert.min.js - Remaining files in queue: 54
2025-10-14 07:16:31,174 - Knowledge - INFO - persist ingested knowledge for /app/data/kaviademo4200/5555/b30548k/CRM-5555/src/main/java/pl/coderslab/web/AdminController.java
2025-10-14 07:16:31,259 - Knowledge - INFO - persist search terms embedding for src/main/java/pl/coderslab/web/HomeController.java
2025-10-14 07:16:31,315 - Knowledge - INFO - start ingest for /app/data/kaviademo4200/5555/b30548k/CRM-5555/src/main/resources/static/js/plugins/sweetalert.min.js
2025-10-14 07:16:31,521 - Knowledge - INFO - worker kw17 pull /app/data/kaviademo4200/5555/b30548k/CRM-5555/src/main/resources/static/js/plugins/moment.min.js from ingest queue
2025-10-14 07:16:31,523 - Knowledge - INFO - worker kw26 pull /app/data/kaviademo4200/5555/b30548k/CRM-5555/src/main/resources/static/js/plugins/chart.js from ingest queue
2025-10-14 07:16:31,526 - Knowledge - INFO - Found code-base-name: https://github.com/kavia-common/CRM-5555.git:kavia-master
2025-10-14 07:16:31,689 - Knowledge - INFO - Thread kw17 - File moment.min.js - Remaining files in queue: 52
2025-10-14 07:16:31,816 - Knowledge - INFO - Thread kw26 - File chart.js - Remaining files in queue: 52
2025-10-14 07:16:31,912 - Knowledge - INFO - Found code_base: <app.utils.kg_build.knowledge.KnowledgeCodeBase object at 0x7f2391739010>
2025-10-14 07:16:32,036 - Knowledge - INFO - start ingest for /app/data/kaviademo4200/5555/b30548k/CRM-5555/src/main/resources/static/js/plugins/moment.min.js
2025-10-14 07:16:32,095 - Knowledge - INFO - persist search terms embedding for src/main/java/pl/coderslab/web/AdminController.java
2025-10-14 07:16:32,169 - Knowledge - INFO - start ingest for /app/data/kaviademo4200/5555/b30548k/CRM-5555/src/main/resources/static/js/plugins/chart.js
2025-10-14 07:16:32,289 - Knowledge - INFO - persist ingested knowledge for /app/data/kaviademo4200/5555/b30548k/CRM-5555/src/main/java/pl/coderslab/service/CsvImportExportService.java
2025-10-14 07:16:32,500 - Knowledge - INFO - worker kw29 pull /app/data/kaviademo4200/5555/b30548k/CRM-5555/src/main/resources/static/js/plugins/jquery.vmap.world.js from ingest queue
2025-10-14 07:16:32,504 - Knowledge - INFO - worker kw19 pull /app/data/kaviademo4200/5555/b30548k/CRM-5555/src/main/resources/static/js/plugins/jquery.vmap.sampledata.js from ingest queue
2025-10-14 07:16:32,797 - Knowledge - INFO - Thread kw29 - File jquery.vmap.world.js - Remaining files in queue: 50
2025-10-14 07:16:32,881 - Knowledge - INFO - Thread kw19 - File jquery.vmap.sampledata.js - Remaining files in queue: 50
2025-10-14 07:16:33,002 - Knowledge - INFO - start ingest for /app/data/kaviademo4200/5555/b30548k/CRM-5555/src/main/resources/static/js/plugins/jquery.vmap.world.js
2025-10-14 07:16:33,091 - Knowledge - INFO - start ingest for /app/data/kaviademo4200/5555/b30548k/CRM-5555/src/main/resources/static/js/plugins/jquery.vmap.sampledata.js
2025-10-14 07:16:33,201 - Knowledge - INFO - persist search terms embedding for src/main/java/pl/coderslab/service/CsvImportExportService.java
2025-10-14 07:16:33,416 - Knowledge - INFO - worker kw4 pull /app/data/kaviademo4200/5555/b30548k/CRM-5555/src/main/resources/static/js/plugins/dataTables.bootstrap.min.js from ingest queue
2025-10-14 07:16:33,532 - Knowledge - INFO - Thread kw4 - File dataTables.bootstrap.min.js - Remaining files in queue: 49
2025-10-14 07:16:33,653 - Knowledge - INFO - start ingest for /app/data/kaviademo4200/5555/b30548k/CRM-5555/src/main/resources/static/js/plugins/dataTables.bootstrap.min.js
2025-10-14 07:16:34,223 - Knowledge - INFO - done ingest for /app/data/kaviademo4200/5555/b30548k/CRM-5555/src/main/java/pl/coderslab/entity/Role.java
2025-10-14 07:16:34,325 - Knowledge - INFO - process ingested knowledge for /app/data/kaviademo4200/5555/b30548k/CRM-5555/src/main/java/pl/coderslab/entity/Role.java
2025-10-14 07:16:34,707 - Knowledge - INFO - Found code-base-name: https://github.com/kavia-common/CRM-5555.git:kavia-master
2025-10-14 07:16:34,806 - Knowledge - INFO - Found code_base: <app.utils.kg_build.knowledge.KnowledgeCodeBase object at 0x7f2391739010>
2025-10-14 07:16:34,941 - Knowledge - INFO - persist ingested knowledge for /app/data/kaviademo4200/5555/b30548k/CRM-5555/src/main/java/pl/coderslab/entity/Role.java
2025-10-14 07:16:35,640 - Knowledge - INFO - persist search terms embedding for src/main/java/pl/coderslab/entity/Role.java
2025-10-14 07:16:35,768 - Knowledge - INFO - worker kw20 pull /app/data/kaviademo4200/5555/b30548k/CRM-5555/src/main/resources/static/js/plugins/bootstrap-datepicker.min.js from ingest queue
2025-10-14 07:16:35,887 - Knowledge - INFO - Thread kw20 - File bootstrap-datepicker.min.js - Remaining files in queue: 48
2025-10-14 07:16:36,014 - Knowledge - INFO - start ingest for /app/data/kaviademo4200/5555/b30548k/CRM-5555/src/main/resources/static/js/plugins/bootstrap-datepicker.min.js
2025-10-14 07:16:36,529 - Knowledge - INFO - done ingest for /app/data/kaviademo4200/5555/b30548k/CRM-5555/src/main/java/pl/coderslab/service/AddressService.java
2025-10-14 07:16:36,604 - Knowledge - INFO - process ingested knowledge for /app/data/kaviademo4200/5555/b30548k/CRM-5555/src/main/java/pl/coderslab/service/AddressService.java
2025-10-14 07:16:36,693 - Knowledge - INFO - Found code-base-name: https://github.com/kavia-common/CRM-5555.git:kavia-master
2025-10-14 07:16:36,804 - Knowledge - INFO - Found code_base: <app.utils.kg_build.knowledge.KnowledgeCodeBase object at 0x7f2391739010>
2025-10-14 07:16:36,858 - Knowledge - INFO - done ingest for /app/data/kaviademo4200/5555/b30548k/CRM-5555/src/main/java/pl/coderslab/service/UserServiceImpl.java
2025-10-14 07:16:36,897 - Knowledge - INFO - persist ingested knowledge for /app/data/kaviademo4200/5555/b30548k/CRM-5555/src/main/java/pl/coderslab/service/AddressService.java
2025-10-14 07:16:37,001 - Knowledge - INFO - process ingested knowledge for /app/data/kaviademo4200/5555/b30548k/CRM-5555/src/main/java/pl/coderslab/service/UserServiceImpl.java
2025-10-14 07:16:37,519 - Knowledge - INFO - persist search terms embedding for src/main/java/pl/coderslab/service/AddressService.java
2025-10-14 07:16:37,635 - Knowledge - INFO - Found code-base-name: https://github.com/kavia-common/CRM-5555.git:kavia-master
2025-10-14 07:16:37,635 - Knowledge - INFO - worker kw28 pull /app/data/kaviademo4200/5555/b30548k/CRM-5555/src/main/resources/static/js/plugins/fullcalendar.min.js from ingest queue
2025-10-14 07:16:37,722 - Knowledge - INFO - Found code_base: <app.utils.kg_build.knowledge.KnowledgeCodeBase object at 0x7f2391739010>
2025-10-14 07:16:37,845 - Knowledge - INFO - Thread kw28 - File fullcalendar.min.js - Remaining files in queue: 47
2025-10-14 07:16:37,948 - Knowledge - INFO - persist ingested knowledge for /app/data/kaviademo4200/5555/b30548k/CRM-5555/src/main/java/pl/coderslab/service/UserServiceImpl.java
2025-10-14 07:16:38,042 - Knowledge - INFO - start ingest for /app/data/kaviademo4200/5555/b30548k/CRM-5555/src/main/resources/static/js/plugins/fullcalendar.min.js
2025-10-14 07:16:38,607 - Knowledge - INFO - persist search terms embedding for src/main/java/pl/coderslab/service/UserServiceImpl.java
2025-10-14 07:16:38,613 - Knowledge - INFO - done ingest for /app/data/kaviademo4200/5555/b30548k/CRM-5555/src/main/java/pl/coderslab/service/ClientServiceImpl.java
2025-10-14 07:16:38,725 - Knowledge - INFO - worker kw23 pull /app/data/kaviademo4200/5555/b30548k/CRM-5555/src/main/resources/static/js/plugins/bootstrap-notify.min.js from ingest queue
2025-10-14 07:16:38,809 - Knowledge - INFO - process ingested knowledge for /app/data/kaviademo4200/5555/b30548k/CRM-5555/src/main/java/pl/coderslab/service/ClientServiceImpl.java
2025-10-14 07:16:38,941 - Knowledge - INFO - Thread kw23 - File bootstrap-notify.min.js - Remaining files in queue: 46
2025-10-14 07:16:38,980 - Knowledge - INFO - done ingest for /app/data/kaviademo4200/5555/b30548k/CRM-5555/src/main/java/pl/coderslab/entity/Report.java
2025-10-14 07:16:39,032 - Knowledge - INFO - Found code-base-name: https://github.com/kavia-common/CRM-5555.git:kavia-master
2025-10-14 07:16:39,133 - Knowledge - INFO - start ingest for /app/data/kaviademo4200/5555/b30548k/CRM-5555/src/main/resources/static/js/plugins/bootstrap-notify.min.js
2025-10-14 07:16:39,231 - Knowledge - INFO - process ingested knowledge for /app/data/kaviademo4200/5555/b30548k/CRM-5555/src/main/java/pl/coderslab/entity/Report.java
2025-10-14 07:16:39,314 - Knowledge - INFO - Found code_base: <app.utils.kg_build.knowledge.KnowledgeCodeBase object at 0x7f2391739010>
2025-10-14 07:16:39,657 - Knowledge - INFO - persist ingested knowledge for /app/data/kaviademo4200/5555/b30548k/CRM-5555/src/main/java/pl/coderslab/service/ClientServiceImpl.java
2025-10-14 07:16:39,537 - Knowledge - INFO - Found code-base-name: https://github.com/kavia-common/CRM-5555.git:kavia-master
2025-10-14 07:16:39,844 - Knowledge - INFO - Found code_base: <app.utils.kg_build.knowledge.KnowledgeCodeBase object at 0x7f2391739010>
2025-10-14 07:16:39,884 - Knowledge - INFO - done ingest for /app/data/kaviademo4200/5555/b30548k/CRM-5555/src/main/java/pl/coderslab/entity/User.java
2025-10-14 07:16:39,940 - Knowledge - INFO - persist ingested knowledge for /app/data/kaviademo4200/5555/b30548k/CRM-5555/src/main/java/pl/coderslab/entity/Report.java
2025-10-14 07:16:40,024 - Knowledge - INFO - process ingested knowledge for /app/data/kaviademo4200/5555/b30548k/CRM-5555/src/main/java/pl/coderslab/entity/User.java
2025-10-14 07:16:40,208 - Knowledge - INFO - persist search terms embedding for src/main/java/pl/coderslab/service/ClientServiceImpl.java
2025-10-14 07:16:40,864 - Knowledge - INFO - persist search terms embedding for src/main/java/pl/coderslab/entity/Report.java
2025-10-14 07:16:40,982 - Knowledge - INFO - Found code-base-name: https://github.com/kavia-common/CRM-5555.git:kavia-master
2025-10-14 07:16:40,982 - Knowledge - INFO - worker kw24 pull /app/data/kaviademo4200/5555/b30548k/CRM-5555/src/main/resources/static/js/popper.min.js from ingest queue
2025-10-14 07:16:40,983 - Knowledge - INFO - worker kw18 pull /app/data/kaviademo4200/5555/b30548k/CRM-5555/src/main/resources/templates/employee/search.html from ingest queue
2025-10-14 07:16:41,329 - Knowledge - INFO - Thread kw18 - File search.html - Remaining files in queue: 44
2025-10-14 07:16:41,234 - Knowledge - INFO - Thread kw24 - File popper.min.js - Remaining files in queue: 44
2025-10-14 07:16:41,097 - Knowledge - INFO - Found code_base: <app.utils.kg_build.knowledge.KnowledgeCodeBase object at 0x7f2391739010>
2025-10-14 07:16:41,432 - Knowledge - INFO - start ingest for /app/data/kaviademo4200/5555/b30548k/CRM-5555/src/main/resources/templates/employee/search.html
2025-10-14 07:16:41,561 - Knowledge - INFO - start ingest for /app/data/kaviademo4200/5555/b30548k/CRM-5555/src/main/resources/static/js/popper.min.js
2025-10-14 07:16:41,697 - Knowledge - INFO - persist ingested knowledge for /app/data/kaviademo4200/5555/b30548k/CRM-5555/src/main/java/pl/coderslab/entity/User.java
2025-10-14 07:16:42,518 - Knowledge - INFO - persist search terms embedding for src/main/java/pl/coderslab/entity/User.java
2025-10-14 07:16:42,630 - Knowledge - INFO - worker kw21 pull /app/data/kaviademo4200/5555/b30548k/CRM-5555/src/main/resources/templates/event/result.html from ingest queue
2025-10-14 07:16:42,734 - Knowledge - INFO - Thread kw21 - File result.html - Remaining files in queue: 43
2025-10-14 07:16:42,823 - Knowledge - INFO - start ingest for /app/data/kaviademo4200/5555/b30548k/CRM-5555/src/main/resources/templates/event/result.html
2025-10-14 07:16:44,619 - Knowledge - INFO - done ingest for /app/data/kaviademo4200/5555/b30548k/CRM-5555/src/main/java/pl/coderslab/entity/ContactPerson.java
2025-10-14 07:16:44,723 - Knowledge - INFO - process ingested knowledge for /app/data/kaviademo4200/5555/b30548k/CRM-5555/src/main/java/pl/coderslab/entity/ContactPerson.java
2025-10-14 07:16:44,820 - Knowledge - INFO - Found code-base-name: https://github.com/kavia-common/CRM-5555.git:kavia-master
2025-10-14 07:16:44,951 - Knowledge - INFO - Found code_base: <app.utils.kg_build.knowledge.KnowledgeCodeBase object at 0x7f2391739010>
2025-10-14 07:16:45,069 - Knowledge - INFO - persist ingested knowledge for /app/data/kaviademo4200/5555/b30548k/CRM-5555/src/main/java/pl/coderslab/entity/ContactPerson.java
2025-10-14 07:16:45,092 - Knowledge - INFO - done ingest for /app/data/kaviademo4200/5555/b30548k/CRM-5555/src/main/java/pl/coderslab/entity/Notification.java
2025-10-14 07:16:45,291 - Knowledge - INFO - process ingested knowledge for /app/data/kaviademo4200/5555/b30548k/CRM-5555/src/main/java/pl/coderslab/entity/Notification.java
2025-10-14 07:16:45,362 - Knowledge - INFO - done ingest for /app/data/kaviademo4200/5555/b30548k/CRM-5555/src/main/java/pl/coderslab/entity/Event.java
2025-10-14 07:16:45,460 - Knowledge - INFO - process ingested knowledge for /app/data/kaviademo4200/5555/b30548k/CRM-5555/src/main/java/pl/coderslab/entity/Event.java
2025-10-14 07:16:45,693 - Knowledge - INFO - persist search terms embedding for src/main/java/pl/coderslab/entity/ContactPerson.java
2025-10-14 07:16:45,795 - Knowledge - INFO - Found code-base-name: https://github.com/kavia-common/CRM-5555.git:kavia-master
2025-10-14 07:16:45,799 - Knowledge - INFO - Found code-base-name: https://github.com/kavia-common/CRM-5555.git:kavia-master
2025-10-14 07:16:45,803 - Knowledge - INFO - worker kw16 pull /app/data/kaviademo4200/5555/b30548k/CRM-5555/src/main/resources/templates/event/new.html from ingest queue
2025-10-14 07:16:45,888 - Knowledge - INFO - Found code_base: <app.utils.kg_build.knowledge.KnowledgeCodeBase object at 0x7f2391739010>
2025-10-14 07:16:45,971 - Knowledge - INFO - Found code_base: <app.utils.kg_build.knowledge.KnowledgeCodeBase object at 0x7f2391739010>
2025-10-14 07:16:46,064 - Knowledge - INFO - Thread kw16 - File new.html - Remaining files in queue: 42
2025-10-14 07:16:46,203 - Knowledge - INFO - persist ingested knowledge for /app/data/kaviademo4200/5555/b30548k/CRM-5555/src/main/java/pl/coderslab/entity/Notification.java
2025-10-14 07:16:46,319 - Knowledge - INFO - persist ingested knowledge for /app/data/kaviademo4200/5555/b30548k/CRM-5555/src/main/java/pl/coderslab/entity/Event.java
2025-10-14 07:16:46,351 - Knowledge - INFO - done ingest for /app/data/kaviademo4200/5555/b30548k/CRM-5555/src/main/java/pl/coderslab/service/NotificationService.java
2025-10-14 07:16:46,404 - Knowledge - INFO - start ingest for /app/data/kaviademo4200/5555/b30548k/CRM-5555/src/main/resources/templates/event/new.html
2025-10-14 07:16:46,786 - Knowledge - INFO - process ingested knowledge for /app/data/kaviademo4200/5555/b30548k/CRM-5555/src/main/java/pl/coderslab/service/NotificationService.java
2025-10-14 07:16:46,862 - Knowledge - INFO - done ingest for /app/data/kaviademo4200/5555/b30548k/CRM-5555/src/main/resources/static/js/main.js
2025-10-14 07:16:47,077 - Knowledge - INFO - persist search terms embedding for src/main/java/pl/coderslab/entity/Notification.java
2025-10-14 07:16:47,246 - Knowledge - INFO - process ingested knowledge for /app/data/kaviademo4200/5555/b30548k/CRM-5555/src/main/resources/static/js/main.js
2025-10-14 07:16:47,409 - Knowledge - INFO - done ingest for /app/data/kaviademo4200/5555/b30548k/CRM-5555/src/main/java/pl/coderslab/entity/Address.java
2025-10-14 07:16:47,520 - Knowledge - INFO - process ingested knowledge for /app/data/kaviademo4200/5555/b30548k/CRM-5555/src/main/java/pl/coderslab/entity/Address.java
2025-10-14 07:16:47,868 - Knowledge - INFO - persist search terms embedding for src/main/java/pl/coderslab/entity/Event.java
2025-10-14 07:16:47,957 - Knowledge - INFO - Found code-base-name: https://github.com/kavia-common/CRM-5555.git:kavia-master
2025-10-14 07:16:47,958 - Knowledge - INFO - worker kw9 pull /app/data/kaviademo4200/5555/b30548k/CRM-5555/src/main/java/pl/coderslab/entity/Client.java from ingest queue
2025-10-14 07:16:47,962 - Knowledge - INFO - Found code-base-name: https://github.com/kavia-common/CRM-5555.git:kavia-master
2025-10-14 07:16:47,965 - Knowledge - INFO - Found code-base-name: https://github.com/kavia-common/CRM-5555.git:kavia-master
2025-10-14 07:16:47,969 - Knowledge - INFO - worker kw25 pull /app/data/kaviademo4200/5555/b30548k/CRM-5555/src/main/resources/static/js/plugins/select2.min.js from ingest queue
2025-10-14 07:16:48,042 - Knowledge - INFO - Found code_base: <app.utils.kg_build.knowledge.KnowledgeCodeBase object at 0x7f2391739010>
2025-10-14 07:16:48,173 - Knowledge - INFO - Thread kw9 - File Client.java - Remaining files in queue: 40
2025-10-14 07:16:48,278 - Knowledge - INFO - Found code_base: <app.utils.kg_build.knowledge.KnowledgeCodeBase object at 0x7f2391739010>
2025-10-14 07:16:48,322 - Knowledge - INFO - done ingest for /app/data/kaviademo4200/5555/b30548k/CRM-5555/src/main/resources/static/js/plugins/pace.min.js
2025-10-14 07:16:48,327 - Knowledge - INFO - done ingest for /app/data/kaviademo4200/5555/b30548k/CRM-5555/src/main/java/pl/coderslab/service/PdfService.java
2025-10-14 07:16:48,393 - Knowledge - INFO - Found code_base: <app.utils.kg_build.knowledge.KnowledgeCodeBase object at 0x7f2391739010>
2025-10-14 07:16:48,501 - Knowledge - INFO - Thread kw25 - File select2.min.js - Remaining files in queue: 40
2025-10-14 07:16:48,644 - Knowledge - INFO - persist ingested knowledge for /app/data/kaviademo4200/5555/b30548k/CRM-5555/src/main/java/pl/coderslab/service/NotificationService.java
2025-10-14 07:16:48,759 - Knowledge - INFO - start ingest for /app/data/kaviademo4200/5555/b30548k/CRM-5555/src/main/java/pl/coderslab/entity/Client.java
2025-10-14 07:16:48,869 - Knowledge - INFO - persist ingested knowledge for /app/data/kaviademo4200/5555/b30548k/CRM-5555/src/main/resources/static/js/main.js
2025-10-14 07:16:49,037 - Knowledge - INFO - process ingested knowledge for /app/data/kaviademo4200/5555/b30548k/CRM-5555/src/main/resources/static/js/plugins/pace.min.js
2025-10-14 07:16:49,067 - Knowledge - INFO - process ingested knowledge for /app/data/kaviademo4200/5555/b30548k/CRM-5555/src/main/java/pl/coderslab/service/PdfService.java
2025-10-14 07:16:49,195 - Knowledge - INFO - persist ingested knowledge for /app/data/kaviademo4200/5555/b30548k/CRM-5555/src/main/java/pl/coderslab/entity/Address.java
2025-10-14 07:16:49,299 - Knowledge - INFO - start ingest for /app/data/kaviademo4200/5555/b30548k/CRM-5555/src/main/resources/static/js/plugins/select2.min.js
2025-10-14 07:16:49,553 - Knowledge - INFO - done ingest for /app/data/kaviademo4200/5555/b30548k/CRM-5555/src/main/java/pl/coderslab/dto/ClientDto.java
2025-10-14 07:16:49,639 - Knowledge - INFO - done ingest for /app/data/kaviademo4200/5555/b30548k/CRM-5555/src/main/java/pl/coderslab/service/ContractService.java
2025-10-14 07:16:50,045 - Knowledge - INFO - persist search terms embedding for src/main/java/pl/coderslab/service/NotificationService.java
2025-10-14 07:16:50,144 - Knowledge - INFO - process ingested knowledge for /app/data/kaviademo4200/5555/b30548k/CRM-5555/src/main/java/pl/coderslab/dto/ClientDto.java
2025-10-14 07:16:50,265 - Knowledge - INFO - process ingested knowledge for /app/data/kaviademo4200/5555/b30548k/CRM-5555/src/main/java/pl/coderslab/service/ContractService.java
2025-10-14 07:16:50,964 - Knowledge - INFO - done ingest for /app/data/kaviademo4200/5555/b30548k/CRM-5555/src/main/resources/static/js/plugins/moment.min.js
2025-10-14 07:16:50,967 - Knowledge - INFO - persist search terms embedding for src/main/resources/static/js/main.js
2025-10-14 07:16:51,128 - Knowledge - INFO - process ingested knowledge for /app/data/kaviademo4200/5555/b30548k/CRM-5555/src/main/resources/static/js/plugins/moment.min.js
2025-10-14 07:16:51,169 - Knowledge - INFO - Found code-base-name: https://github.com/kavia-common/CRM-5555.git:kavia-master
2025-10-14 07:16:51,173 - Knowledge - INFO - Found code-base-name: https://github.com/kavia-common/CRM-5555.git:kavia-master
2025-10-14 07:16:51,192 - Knowledge - INFO - done ingest for /app/data/kaviademo4200/5555/b30548k/CRM-5555/src/main/resources/static/js/plugins/sweetalert.min.js
2025-10-14 07:16:51,360 - Knowledge - INFO - Found code_base: <app.utils.kg_build.knowledge.KnowledgeCodeBase object at 0x7f2391739010>
2025-10-14 07:16:51,483 - Knowledge - INFO - Found code_base: <app.utils.kg_build.knowledge.KnowledgeCodeBase object at 0x7f2391739010>
2025-10-14 07:16:51,620 - Knowledge - INFO - persist search terms embedding for src/main/java/pl/coderslab/entity/Address.java
2025-10-14 07:16:51,636 - Knowledge - INFO - process ingested knowledge for /app/data/kaviademo4200/5555/b30548k/CRM-5555/src/main/resources/static/js/plugins/sweetalert.min.js
2025-10-14 07:16:51,731 - Knowledge - INFO - persist ingested knowledge for /app/data/kaviademo4200/5555/b30548k/CRM-5555/src/main/resources/static/js/plugins/pace.min.js
2025-10-14 07:16:51,813 - Knowledge - INFO - persist ingested knowledge for /app/data/kaviademo4200/5555/b30548k/CRM-5555/src/main/java/pl/coderslab/service/PdfService.java
2025-10-14 07:16:51,906 - Knowledge - INFO - worker kw13 pull /app/data/kaviademo4200/5555/b30548k/CRM-5555/src/main/resources/static/js/bootstrap.min.js from ingest queue
2025-10-14 07:16:51,912 - Knowledge - INFO - Found code-base-name: https://github.com/kavia-common/CRM-5555.git:kavia-master
2025-10-14 07:16:51,912 - Knowledge - INFO - worker kw15 pull /app/data/kaviademo4200/5555/b30548k/CRM-5555/src/main/resources/templates/employee/result.html from ingest queue
2025-10-14 07:16:51,918 - Knowledge - INFO - Found code-base-name: https://github.com/kavia-common/CRM-5555.git:kavia-master
2025-10-14 07:16:51,918 - Knowledge - INFO - Found code-base-name: https://github.com/kavia-common/CRM-5555.git:kavia-master
2025-10-14 07:16:51,921 - Knowledge - INFO - worker kw8 pull /app/data/kaviademo4200/5555/b30548k/CRM-5555/src/main/resources/templates/contract/new.html from ingest queue
2025-10-14 07:16:52,006 - Knowledge - INFO - Found code-base-name: https://github.com/kavia-common/CRM-5555.git:kavia-master
2025-10-14 07:16:52,329 - Knowledge - INFO - Thread kw13 - File bootstrap.min.js - Remaining files in queue: 37
2025-10-14 07:16:52,437 - Knowledge - INFO - Found code_base: <app.utils.kg_build.knowledge.KnowledgeCodeBase object at 0x7f2391739010>
2025-10-14 07:16:52,539 - Knowledge - INFO - Thread kw15 - File result.html - Remaining files in queue: 37
2025-10-14 07:16:52,651 - Knowledge - INFO - Found code_base: <app.utils.kg_build.knowledge.KnowledgeCodeBase object at 0x7f2391739010>
2025-10-14 07:16:52,734 - Knowledge - INFO - persist search terms embedding for src/main/java/pl/coderslab/service/PdfService.java
2025-10-14 07:16:52,746 - Knowledge - INFO - Found code_base: <app.utils.kg_build.knowledge.KnowledgeCodeBase object at 0x7f2391739010>
2025-10-14 07:16:52,757 - Knowledge - INFO - done ingest for /app/data/kaviademo4200/5555/b30548k/CRM-5555/src/main/java/pl/coderslab/entity/Office.java
2025-10-14 07:16:52,877 - Knowledge - INFO - Thread kw8 - File new.html - Remaining files in queue: 37
2025-10-14 07:16:52,986 - Knowledge - INFO - Found code_base: <app.utils.kg_build.knowledge.KnowledgeCodeBase object at 0x7f2391739010>
2025-10-14 07:16:53,110 - Knowledge - INFO - start ingest for /app/data/kaviademo4200/5555/b30548k/CRM-5555/src/main/resources/static/js/bootstrap.min.js
2025-10-14 07:16:53,219 - Knowledge - INFO - persist ingested knowledge for /app/data/kaviademo4200/5555/b30548k/CRM-5555/src/main/java/pl/coderslab/dto/ClientDto.java
2025-10-14 07:16:53,350 - Knowledge - INFO - start ingest for /app/data/kaviademo4200/5555/b30548k/CRM-5555/src/main/resources/templates/employee/result.html
2025-10-14 07:16:53,392 - Knowledge - INFO - done ingest for /app/data/kaviademo4200/5555/b30548k/CRM-5555/src/main/java/pl/coderslab/SpringDataUserDetailsService.java
2025-10-14 07:16:53,392 - Knowledge - INFO - done ingest for /app/data/kaviademo4200/5555/b30548k/CRM-5555/src/main/java/pl/coderslab/entity/Company.java
2025-10-14 07:16:53,478 - Knowledge - INFO - persist ingested knowledge for /app/data/kaviademo4200/5555/b30548k/CRM-5555/src/main/resources/static/js/plugins/moment.min.js
2025-10-14 07:16:53,570 - Knowledge - INFO - worker kw6 pull /app/data/kaviademo4200/5555/b30548k/CRM-5555/src/main/resources/templates/layout.html from ingest queue
2025-10-14 07:16:53,570 - Knowledge - INFO - worker kw5 pull /app/data/kaviademo4200/5555/b30548k/CRM-5555/src/main/resources/static/js/plugins/jquery.vmap.min.js from ingest queue
2025-10-14 07:16:53,692 - Knowledge - INFO - persist ingested knowledge for /app/data/kaviademo4200/5555/b30548k/CRM-5555/src/main/java/pl/coderslab/service/ContractService.java
2025-10-14 07:16:53,833 - Knowledge - INFO - process ingested knowledge for /app/data/kaviademo4200/5555/b30548k/CRM-5555/src/main/java/pl/coderslab/entity/Office.java
2025-10-14 07:16:53,921 - Knowledge - INFO - start ingest for /app/data/kaviademo4200/5555/b30548k/CRM-5555/src/main/resources/templates/contract/new.html
2025-10-14 07:16:54,055 - Knowledge - INFO - persist ingested knowledge for /app/data/kaviademo4200/5555/b30548k/CRM-5555/src/main/resources/static/js/plugins/sweetalert.min.js
2025-10-14 07:16:54,480 - Knowledge - INFO - process ingested knowledge for /app/data/kaviademo4200/5555/b30548k/CRM-5555/src/main/java/pl/coderslab/SpringDataUserDetailsService.java
2025-10-14 07:16:54,592 - Knowledge - INFO - process ingested knowledge for /app/data/kaviademo4200/5555/b30548k/CRM-5555/src/main/java/pl/coderslab/entity/Company.java
2025-10-14 07:16:54,763 - Knowledge - INFO - Thread kw6 - File layout.html - Remaining files in queue: 35
2025-10-14 07:16:54,796 - Knowledge - INFO - persist search terms embedding for src/main/java/pl/coderslab/dto/ClientDto.java
2025-10-14 07:16:54,872 - Knowledge - INFO - Thread kw5 - File jquery.vmap.min.js - Remaining files in queue: 35
2025-10-14 07:16:55,469 - Knowledge - INFO - done ingest for /app/data/kaviademo4200/5555/b30548k/CRM-5555/src/main/resources/static/js/plugins/jquery.vmap.sampledata.js
2025-10-14 07:16:55,669 - Knowledge - INFO - start ingest for /app/data/kaviademo4200/5555/b30548k/CRM-5555/src/main/resources/templates/layout.html
2025-10-14 07:16:55,860 - Knowledge - INFO - start ingest for /app/data/kaviademo4200/5555/b30548k/CRM-5555/src/main/resources/static/js/plugins/jquery.vmap.min.js
2025-10-14 07:16:56,058 - Knowledge - INFO - process ingested knowledge for /app/data/kaviademo4200/5555/b30548k/CRM-5555/src/main/resources/static/js/plugins/jquery.vmap.sampledata.js
2025-10-14 07:16:56,379 - Knowledge - INFO - persist search terms embedding for src/main/java/pl/coderslab/service/ContractService.java
2025-10-14 07:16:56,478 - Knowledge - INFO - Found code-base-name: https://github.com/kavia-common/CRM-5555.git:kavia-master
2025-10-14 07:16:56,558 - Knowledge - INFO - Found code_base: <app.utils.kg_build.knowledge.KnowledgeCodeBase object at 0x7f2391739010>
2025-10-14 07:16:56,653 - Knowledge - INFO - persist ingested knowledge for /app/data/kaviademo4200/5555/b30548k/CRM-5555/src/main/java/pl/coderslab/entity/Office.java
2025-10-14 07:16:56,699 - Knowledge - INFO - Found code-base-name: https://github.com/kavia-common/CRM-5555.git:kavia-master
2025-10-14 07:16:56,705 - Knowledge - INFO - Found code-base-name: https://github.com/kavia-common/CRM-5555.git:kavia-master
2025-10-14 07:16:56,707 - Knowledge - INFO - worker kw22 pull /app/data/kaviademo4200/5555/b30548k/CRM-5555/src/main/resources/templates/admin/addUser.html from ingest queue
2025-10-14 07:16:56,711 - Knowledge - INFO - Found code-base-name: https://github.com/kavia-common/CRM-5555.git:kavia-master
2025-10-14 07:16:56,720 - Knowledge - INFO - worker kw2 pull /app/data/kaviademo4200/5555/b30548k/CRM-5555/src/main/resources/templates/import/show.html from ingest queue
2025-10-14 07:16:56,721 - Knowledge - INFO - worker kw30 pull /app/data/kaviademo4200/5555/b30548k/CRM-5555/src/main/resources/static/js/plugins/jquery-ui.custom.min.js from ingest queue
2025-10-14 07:16:56,726 - Knowledge - INFO - worker kw17 pull /app/data/kaviademo4200/5555/b30548k/CRM-5555/src/main/resources/templates/admin/success.html from ingest queue
2025-10-14 07:16:56,845 - Knowledge - INFO - Found code_base: <app.utils.kg_build.knowledge.KnowledgeCodeBase object at 0x7f2391739010>
2025-10-14 07:16:56,928 - Knowledge - INFO - done ingest for /app/data/kaviademo4200/5555/b30548k/CRM-5555/src/main/resources/templates/event/result.html
2025-10-14 07:16:56,951 - Knowledge - INFO - Found code_base: <app.utils.kg_build.knowledge.KnowledgeCodeBase object at 0x7f2391739010>
2025-10-14 07:16:57,050 - Knowledge - INFO - Thread kw22 - File addUser.html - Remaining files in queue: 31
2025-10-14 07:16:57,142 - Knowledge - INFO - Found code_base: <app.utils.kg_build.knowledge.KnowledgeCodeBase object at 0x7f2391739010>
2025-10-14 07:16:57,227 - Knowledge - INFO - Thread kw2 - File show.html - Remaining files in queue: 31
2025-10-14 07:16:57,252 - Knowledge - INFO - persist search terms embedding for src/main/java/pl/coderslab/entity/Office.java
2025-10-14 07:16:57,307 - Knowledge - INFO - Thread kw30 - File jquery-ui.custom.min.js - Remaining files in queue: 31
2025-10-14 07:16:57,399 - Knowledge - INFO - Thread kw17 - File success.html - Remaining files in queue: 31
2025-10-14 07:16:57,520 - Knowledge - INFO - persist ingested knowledge for /app/data/kaviademo4200/5555/b30548k/CRM-5555/src/main/java/pl/coderslab/SpringDataUserDetailsService.java
2025-10-14 07:16:57,616 - Knowledge - INFO - process ingested knowledge for /app/data/kaviademo4200/5555/b30548k/CRM-5555/src/main/resources/templates/event/result.html
2025-10-14 07:16:57,722 - Knowledge - INFO - persist ingested knowledge for /app/data/kaviademo4200/5555/b30548k/CRM-5555/src/main/java/pl/coderslab/entity/Company.java
2025-10-14 07:16:57,808 - Knowledge - INFO - start ingest for /app/data/kaviademo4200/5555/b30548k/CRM-5555/src/main/resources/templates/admin/addUser.html
2025-10-14 07:16:57,900 - Knowledge - INFO - persist ingested knowledge for /app/data/kaviademo4200/5555/b30548k/CRM-5555/src/main/resources/static/js/plugins/jquery.vmap.sampledata.js
2025-10-14 07:16:58,013 - Knowledge - INFO - start ingest for /app/data/kaviademo4200/5555/b30548k/CRM-5555/src/main/resources/templates/import/show.html
2025-10-14 07:16:58,136 - Knowledge - INFO - worker kw1 pull /app/data/kaviademo4200/5555/b30548k/CRM-5555/src/main/resources/templates/import/getFilename.html from ingest queue
2025-10-14 07:16:58,225 - Knowledge - INFO - start ingest for /app/data/kaviademo4200/5555/b30548k/CRM-5555/src/main/resources/static/js/plugins/jquery-ui.custom.min.js
2025-10-14 07:16:58,342 - Knowledge - INFO - start ingest for /app/data/kaviademo4200/5555/b30548k/CRM-5555/src/main/resources/templates/admin/success.html
2025-10-14 07:16:58,949 - Knowledge - INFO - persist search terms embedding for src/main/java/pl/coderslab/SpringDataUserDetailsService.java
2025-10-14 07:16:59,216 - Knowledge - INFO - Thread kw1 - File getFilename.html - Remaining files in queue: 30
2025-10-14 07:16:59,298 - Knowledge - INFO - done ingest for /app/data/kaviademo4200/5555/b30548k/CRM-5555/src/main/resources/templates/event/new.html
2025-10-14 07:16:59,563 - Knowledge - INFO - done ingest for /app/data/kaviademo4200/5555/b30548k/CRM-5555/src/main/resources/static/js/plugins/jquery.vmap.world.js
2025-10-14 07:16:59,597 - Knowledge - INFO - Found code-base-name: https://github.com/kavia-common/CRM-5555.git:kavia-master
2025-10-14 07:16:59,693 - Knowledge - INFO - start ingest for /app/data/kaviademo4200/5555/b30548k/CRM-5555/src/main/resources/templates/import/getFilename.html
2025-10-14 07:16:59,812 - Knowledge - INFO - process ingested knowledge for /app/data/kaviademo4200/5555/b30548k/CRM-5555/src/main/resources/templates/event/new.html
2025-10-14 07:16:59,925 - Knowledge - INFO - done ingest for /app/data/kaviademo4200/5555/b30548k/CRM-5555/src/main/resources/static/js/plugins/dataTables.bootstrap.min.js
2025-10-14 07:16:59,970 - Knowledge - INFO - process ingested knowledge for /app/data/kaviademo4200/5555/b30548k/CRM-5555/src/main/resources/static/js/plugins/jquery.vmap.world.js
2025-10-14 07:17:00,033 - Knowledge - INFO - Found code_base: <app.utils.kg_build.knowledge.KnowledgeCodeBase object at 0x7f2391739010>
2025-10-14 07:17:00,080 - Knowledge - INFO - persist search terms embedding for src/main/java/pl/coderslab/entity/Company.java
2025-10-14 07:17:00,346 - Knowledge - INFO - done ingest for /app/data/kaviademo4200/5555/b30548k/CRM-5555/src/main/java/pl/coderslab/entity/Contract.java
2025-10-14 07:17:00,512 - Knowledge - INFO - process ingested knowledge for /app/data/kaviademo4200/5555/b30548k/CRM-5555/src/main/resources/static/js/plugins/dataTables.bootstrap.min.js
2025-10-14 07:17:00,628 - Knowledge - INFO - persist ingested knowledge for /app/data/kaviademo4200/5555/b30548k/CRM-5555/src/main/resources/templates/event/result.html
2025-10-14 07:17:00,841 - Knowledge - INFO - process ingested knowledge for /app/data/kaviademo4200/5555/b30548k/CRM-5555/src/main/java/pl/coderslab/entity/Contract.java
2025-10-14 07:17:01,229 - Knowledge - INFO - persist search terms embedding for src/main/resources/static/js/plugins/jquery.vmap.sampledata.js
2025-10-14 07:17:01,328 - Knowledge - INFO - worker kw14 pull /app/data/kaviademo4200/5555/b30548k/CRM-5555/src/main/resources/templates/manager/result.html from ingest queue
2025-10-14 07:17:01,332 - Knowledge - INFO - Found code-base-name: https://github.com/kavia-common/CRM-5555.git:kavia-master
2025-10-14 07:17:01,336 - Knowledge - INFO - worker kw11 pull /app/data/kaviademo4200/5555/b30548k/CRM-5555/src/main/resources/templates/manager/search.html from ingest queue
2025-10-14 07:17:01,338 - Knowledge - INFO - Found code-base-name: https://github.com/kavia-common/CRM-5555.git:kavia-master
2025-10-14 07:17:01,340 - Knowledge - INFO - Found code-base-name: https://github.com/kavia-common/CRM-5555.git:kavia-master
2025-10-14 07:17:01,341 - Knowledge - INFO - Found code-base-name: https://github.com/kavia-common/CRM-5555.git:kavia-master
2025-10-14 07:17:01,343 - Knowledge - INFO - worker kw19 pull /app/data/kaviademo4200/5555/b30548k/CRM-5555/src/main/resources/templates/contract/result.html from ingest queue
2025-10-14 07:17:01,457 - Knowledge - INFO - Thread kw14 - File result.html - Remaining files in queue: 27
2025-10-14 07:17:01,576 - Knowledge - INFO - worker kw21 pull /app/data/kaviademo4200/5555/b30548k/CRM-5555/src/main/resources/templates/client/editClient.html from ingest queue
2025-10-14 07:17:01,581 - Knowledge - INFO - Found code_base: <app.utils.kg_build.knowledge.KnowledgeCodeBase object at 0x7f2391739010>
2025-10-14 07:17:01,657 - Knowledge - INFO - Thread kw11 - File search.html - Remaining files in queue: 26
2025-10-14 07:17:01,742 - Knowledge - INFO - Found code_base: <app.utils.kg_build.knowledge.KnowledgeCodeBase object at 0x7f2391739010>
2025-10-14 07:17:01,866 - Knowledge - INFO - Found code_base: <app.utils.kg_build.knowledge.KnowledgeCodeBase object at 0x7f2391739010>
2025-10-14 07:17:01,971 - Knowledge - INFO - Found code_base: <app.utils.kg_build.knowledge.KnowledgeCodeBase object at 0x7f2391739010>
2025-10-14 07:17:02,087 - Knowledge - INFO - Thread kw19 - File result.html - Remaining files in queue: 26
2025-10-14 07:17:02,209 - Knowledge - INFO - start ingest for /app/data/kaviademo4200/5555/b30548k/CRM-5555/src/main/resources/templates/manager/result.html
2025-10-14 07:17:02,300 - Knowledge - INFO - Thread kw21 - File editClient.html - Remaining files in queue: 26
2025-10-14 07:17:02,407 - Knowledge - INFO - persist ingested knowledge for /app/data/kaviademo4200/5555/b30548k/CRM-5555/src/main/resources/templates/event/new.html
2025-10-14 07:17:02,518 - Knowledge - INFO - start ingest for /app/data/kaviademo4200/5555/b30548k/CRM-5555/src/main/resources/templates/manager/search.html
2025-10-14 07:17:02,624 - Knowledge - INFO - persist ingested knowledge for /app/data/kaviademo4200/5555/b30548k/CRM-5555/src/main/resources/static/js/plugins/dataTables.bootstrap.min.js
2025-10-14 07:17:02,732 - Knowledge - INFO - persist ingested knowledge for /app/data/kaviademo4200/5555/b30548k/CRM-5555/src/main/java/pl/coderslab/entity/Contract.java
2025-10-14 07:17:02,839 - Knowledge - INFO - persist ingested knowledge for /app/data/kaviademo4200/5555/b30548k/CRM-5555/src/main/resources/static/js/plugins/jquery.vmap.world.js
2025-10-14 07:17:02,952 - Knowledge - INFO - start ingest for /app/data/kaviademo4200/5555/b30548k/CRM-5555/src/main/resources/templates/contract/result.html
2025-10-14 07:17:03,180 - Knowledge - INFO - start ingest for /app/data/kaviademo4200/5555/b30548k/CRM-5555/src/main/resources/templates/client/editClient.html
2025-10-14 07:17:04,257 - Knowledge - INFO - persist search terms embedding for src/main/resources/static/js/plugins/dataTables.bootstrap.min.js
2025-10-14 07:17:04,386 - Knowledge - INFO - worker kw16 pull /app/data/kaviademo4200/5555/b30548k/CRM-5555/src/main/resources/templates/client/addClient.html from ingest queue
2025-10-14 07:17:04,505 - Knowledge - INFO - Thread kw16 - File addClient.html - Remaining files in queue: 25
2025-10-14 07:17:04,643 - Knowledge - INFO - start ingest for /app/data/kaviademo4200/5555/b30548k/CRM-5555/src/main/resources/templates/client/addClient.html
2025-10-14 07:17:04,780 - Knowledge - INFO - done ingest for /app/data/kaviademo4200/5555/b30548k/CRM-5555/src/main/resources/templates/employee/search.html
2025-10-14 07:17:04,834 - Knowledge - INFO - persist search terms embedding for src/main/java/pl/coderslab/entity/Contract.java
2025-10-14 07:17:04,882 - Knowledge - INFO - process ingested knowledge for /app/data/kaviademo4200/5555/b30548k/CRM-5555/src/main/resources/templates/employee/search.html
2025-10-14 07:17:04,994 - Knowledge - INFO - worker kw4 pull /app/data/kaviademo4200/5555/b30548k/CRM-5555/doc/script.js from ingest queue
2025-10-14 07:17:05,255 - Knowledge - INFO - Thread kw4 - File script.js - Remaining files in queue: 24
2025-10-14 07:17:05,349 - Knowledge - INFO - start ingest for /app/data/kaviademo4200/5555/b30548k/CRM-5555/doc/script.js
2025-10-14 07:17:05,433 - Knowledge - INFO - persist search terms embedding for src/main/resources/static/js/plugins/jquery.vmap.world.js
2025-10-14 07:17:05,573 - Knowledge - INFO - worker kw12 pull /app/data/kaviademo4200/5555/b30548k/CRM-5555/doc/index-files/index-4.html from ingest queue
2025-10-14 07:17:05,574 - Knowledge - INFO - Found code-base-name: https://github.com/kavia-common/CRM-5555.git:kavia-master
2025-10-14 07:17:05,578 - Knowledge - INFO - worker kw29 pull /app/data/kaviademo4200/5555/b30548k/CRM-5555/src/main/resources/templates/index.html from ingest queue
2025-10-14 07:17:05,680 - Knowledge - INFO - Thread kw12 - File index-4.html - Remaining files in queue: 22
2025-10-14 07:17:05,773 - Knowledge - INFO - Found code_base: <app.utils.kg_build.knowledge.KnowledgeCodeBase object at 0x7f2391739010>
2025-10-14 07:17:05,882 - Knowledge - INFO - Thread kw29 - File index.html - Remaining files in queue: 22
2025-10-14 07:17:05,972 - Knowledge - INFO - start ingest for /app/data/kaviademo4200/5555/b30548k/CRM-5555/doc/index-files/index-4.html
2025-10-14 07:17:06,053 - Knowledge - INFO - persist ingested knowledge for /app/data/kaviademo4200/5555/b30548k/CRM-5555/src/main/resources/templates/employee/search.html
2025-10-14 07:17:06,099 - Knowledge - INFO - done ingest for /app/data/kaviademo4200/5555/b30548k/CRM-5555/src/main/resources/templates/employee/result.html
2025-10-14 07:17:06,162 - Knowledge - INFO - start ingest for /app/data/kaviademo4200/5555/b30548k/CRM-5555/src/main/resources/templates/index.html
2025-10-14 07:17:06,451 - Knowledge - INFO - process ingested knowledge for /app/data/kaviademo4200/5555/b30548k/CRM-5555/src/main/resources/templates/employee/result.html
2025-10-14 07:17:06,910 - Knowledge - INFO - persist search terms embedding for src/main/resources/templates/employee/search.html
2025-10-14 07:17:07,023 - Knowledge - INFO - Found code-base-name: https://github.com/kavia-common/CRM-5555.git:kavia-master
2025-10-14 07:17:07,027 - Knowledge - INFO - worker kw18 pull /app/data/kaviademo4200/5555/b30548k/CRM-5555/doc/pl/coderslab/service/package-tree.html from ingest queue
2025-10-14 07:17:07,104 - Knowledge - INFO - Found code_base: <app.utils.kg_build.knowledge.KnowledgeCodeBase object at 0x7f2391739010>
2025-10-14 07:17:07,237 - Knowledge - INFO - Thread kw18 - File package-tree.html - Remaining files in queue: 21
2025-10-14 07:17:07,338 - Knowledge - INFO - persist ingested knowledge for /app/data/kaviademo4200/5555/b30548k/CRM-5555/src/main/resources/templates/employee/result.html
2025-10-14 07:17:07,362 - Knowledge - INFO - done ingest for /app/data/kaviademo4200/5555/b30548k/CRM-5555/src/main/resources/templates/contract/new.html
2025-10-14 07:17:07,479 - Knowledge - INFO - start ingest for /app/data/kaviademo4200/5555/b30548k/CRM-5555/doc/pl/coderslab/service/package-tree.html
2025-10-14 07:17:07,724 - Knowledge - INFO - process ingested knowledge for /app/data/kaviademo4200/5555/b30548k/CRM-5555/src/main/resources/templates/contract/new.html
2025-10-14 07:17:07,803 - Knowledge - INFO - worker kw15 pull /app/data/kaviademo4200/5555/b30548k/CRM-5555/doc/index-files/index-3.html from ingest queue
2025-10-14 07:17:07,946 - Knowledge - INFO - Found code-base-name: https://github.com/kavia-common/CRM-5555.git:kavia-master
2025-10-14 07:17:08,046 - Knowledge - INFO - Thread kw15 - File index-3.html - Remaining files in queue: 20
2025-10-14 07:17:08,158 - Knowledge - INFO - Found code_base: <app.utils.kg_build.knowledge.KnowledgeCodeBase object at 0x7f2391739010>
2025-10-14 07:17:08,282 - Knowledge - INFO - start ingest for /app/data/kaviademo4200/5555/b30548k/CRM-5555/doc/index-files/index-3.html
2025-10-14 07:17:08,373 - Knowledge - INFO - persist ingested knowledge for /app/data/kaviademo4200/5555/b30548k/CRM-5555/src/main/resources/templates/contract/new.html
2025-10-14 07:17:08,498 - Knowledge - INFO - done ingest for /app/data/kaviademo4200/5555/b30548k/CRM-5555/src/main/resources/templates/layout.html
2025-10-14 07:17:08,519 - Knowledge - INFO - done ingest for /app/data/kaviademo4200/5555/b30548k/CRM-5555/src/main/java/pl/coderslab/dto/ClientMapper.java
2025-10-14 07:17:08,735 - Knowledge - INFO - process ingested knowledge for /app/data/kaviademo4200/5555/b30548k/CRM-5555/src/main/resources/templates/layout.html
2025-10-14 07:17:08,781 - Knowledge - INFO - worker kw8 pull /app/data/kaviademo4200/5555/b30548k/CRM-5555/src/main/resources/templates/client/addSimilarClient.html from ingest queue
2025-10-14 07:17:08,853 - Knowledge - INFO - process ingested knowledge for /app/data/kaviademo4200/5555/b30548k/CRM-5555/src/main/java/pl/coderslab/dto/ClientMapper.java
2025-10-14 07:17:08,965 - Knowledge - INFO - Found code-base-name: https://github.com/kavia-common/CRM-5555.git:kavia-master
2025-10-14 07:17:09,049 - Knowledge - INFO - Thread kw8 - File addSimilarClient.html - Remaining files in queue: 19
2025-10-14 07:17:09,152 - Knowledge - INFO - Found code-base-name: https://github.com/kavia-common/CRM-5555.git:kavia-master
2025-10-14 07:17:09,274 - Knowledge - INFO - Found code_base: <app.utils.kg_build.knowledge.KnowledgeCodeBase object at 0x7f2391739010>
2025-10-14 07:17:09,405 - Knowledge - INFO - start ingest for /app/data/kaviademo4200/5555/b30548k/CRM-5555/src/main/resources/templates/client/addSimilarClient.html
2025-10-14 07:17:09,527 - Knowledge - INFO - Found code_base: <app.utils.kg_build.knowledge.KnowledgeCodeBase object at 0x7f2391739010>
2025-10-14 07:17:09,676 - Knowledge - INFO - persist ingested knowledge for /app/data/kaviademo4200/5555/b30548k/CRM-5555/src/main/resources/templates/layout.html
2025-10-14 07:17:09,873 - Knowledge - INFO - persist ingested knowledge for /app/data/kaviademo4200/5555/b30548k/CRM-5555/src/main/java/pl/coderslab/dto/ClientMapper.java
2025-10-14 07:17:10,170 - Knowledge - INFO - done ingest for /app/data/kaviademo4200/5555/b30548k/CRM-5555/src/main/resources/static/js/jquery-3.2.1.min.js
2025-10-14 07:17:10,213 - Knowledge - INFO - done ingest for /app/data/kaviademo4200/5555/b30548k/CRM-5555/src/main/resources/static/js/bootstrap.min.js
2025-10-14 07:17:10,414 - Knowledge - INFO - process ingested knowledge for /app/data/kaviademo4200/5555/b30548k/CRM-5555/src/main/resources/static/js/jquery-3.2.1.min.js
2025-10-14 07:17:10,419 - Knowledge - INFO - done ingest for /app/data/kaviademo4200/5555/b30548k/CRM-5555/src/main/resources/static/js/plugins/bootstrap-notify.min.js
2025-10-14 07:17:10,483 - Knowledge - INFO - process ingested knowledge for /app/data/kaviademo4200/5555/b30548k/CRM-5555/src/main/resources/static/js/bootstrap.min.js
2025-10-14 07:17:10,712 - Knowledge - INFO - process ingested knowledge for /app/data/kaviademo4200/5555/b30548k/CRM-5555/src/main/resources/static/js/plugins/bootstrap-notify.min.js
2025-10-14 07:17:10,897 - Knowledge - INFO - persist search terms embedding for src/main/java/pl/coderslab/dto/ClientMapper.java
2025-10-14 07:17:10,999 - Knowledge - INFO - worker kw6 pull /app/data/kaviademo4200/5555/b30548k/CRM-5555/src/main/resources/templates/client/success.html from ingest queue
2025-10-14 07:17:11,004 - Knowledge - INFO - Found code-base-name: https://github.com/kavia-common/CRM-5555.git:kavia-master
2025-10-14 07:17:11,005 - Knowledge - INFO - Found code-base-name: https://github.com/kavia-common/CRM-5555.git:kavia-master
2025-10-14 07:17:11,011 - Knowledge - INFO - worker kw3 pull /app/data/kaviademo4200/5555/b30548k/CRM-5555/doc/pl/coderslab/service/NotificationService.html from ingest queue
2025-10-14 07:17:11,011 - Knowledge - INFO - Found code-base-name: https://github.com/kavia-common/CRM-5555.git:kavia-master
2025-10-14 07:17:11,095 - Knowledge - INFO - Thread kw6 - File success.html - Remaining files in queue: 17
2025-10-14 07:17:11,209 - Knowledge - INFO - Found code_base: <app.utils.kg_build.knowledge.KnowledgeCodeBase object at 0x7f2391739010>
2025-10-14 07:17:11,339 - Knowledge - INFO - Found code_base: <app.utils.kg_build.knowledge.KnowledgeCodeBase object at 0x7f2391739010>
2025-10-14 07:17:11,467 - Knowledge - INFO - Thread kw3 - File NotificationService.html - Remaining files in queue: 17
2025-10-14 07:17:11,588 - Knowledge - INFO - Found code_base: <app.utils.kg_build.knowledge.KnowledgeCodeBase object at 0x7f2391739010>
2025-10-14 07:17:11,704 - Knowledge - INFO - start ingest for /app/data/kaviademo4200/5555/b30548k/CRM-5555/src/main/resources/templates/client/success.html
2025-10-14 07:17:11,836 - Knowledge - INFO - persist ingested knowledge for /app/data/kaviademo4200/5555/b30548k/CRM-5555/src/main/resources/static/js/jquery-3.2.1.min.js
2025-10-14 07:17:11,836 - Knowledge - INFO - done ingest for /app/data/kaviademo4200/5555/b30548k/CRM-5555/src/main/java/pl/coderslab/entity/Client.java
2025-10-14 07:17:11,956 - Knowledge - INFO - persist ingested knowledge for /app/data/kaviademo4200/5555/b30548k/CRM-5555/src/main/resources/static/js/plugins/bootstrap-notify.min.js
2025-10-14 07:17:12,070 - Knowledge - INFO - start ingest for /app/data/kaviademo4200/5555/b30548k/CRM-5555/doc/pl/coderslab/service/NotificationService.html
2025-10-14 07:17:12,175 - Knowledge - INFO - persist ingested knowledge for /app/data/kaviademo4200/5555/b30548k/CRM-5555/src/main/resources/static/js/bootstrap.min.js
2025-10-14 07:17:12,386 - Knowledge - INFO - done ingest for /app/data/kaviademo4200/5555/b30548k/CRM-5555/src/main/resources/static/js/plugins/jquery.dataTables.min.js
2025-10-14 07:17:12,522 - Knowledge - INFO - process ingested knowledge for /app/data/kaviademo4200/5555/b30548k/CRM-5555/src/main/java/pl/coderslab/entity/Client.java
2025-10-14 07:17:12,897 - Knowledge - INFO - done ingest for /app/data/kaviademo4200/5555/b30548k/CRM-5555/src/main/resources/templates/admin/addUser.html
2025-10-14 07:17:12,942 - Knowledge - INFO - persist search terms embedding for src/main/resources/static/js/jquery-3.2.1.min.js
2025-10-14 07:17:12,988 - Knowledge - INFO - process ingested knowledge for /app/data/kaviademo4200/5555/b30548k/CRM-5555/src/main/resources/static/js/plugins/jquery.dataTables.min.js
2025-10-14 07:17:13,144 - Knowledge - INFO - process ingested knowledge for /app/data/kaviademo4200/5555/b30548k/CRM-5555/src/main/resources/templates/admin/addUser.html
2025-10-14 07:17:13,633 - Knowledge - INFO - done ingest for /app/data/kaviademo4200/5555/b30548k/CRM-5555/src/main/resources/templates/import/show.html
2025-10-14 07:17:13,766 - Knowledge - INFO - process ingested knowledge for /app/data/kaviademo4200/5555/b30548k/CRM-5555/src/main/resources/templates/import/show.html
2025-10-14 07:17:13,795 - Knowledge - INFO - persist search terms embedding for src/main/resources/static/js/plugins/bootstrap-notify.min.js
2025-10-14 07:17:14,124 - Knowledge - INFO - done ingest for /app/data/kaviademo4200/5555/b30548k/CRM-5555/src/main/resources/templates/import/getFilename.html
2025-10-14 07:17:14,252 - Knowledge - INFO - process ingested knowledge for /app/data/kaviademo4200/5555/b30548k/CRM-5555/src/main/resources/templates/import/getFilename.html
2025-10-14 07:17:14,356 - Knowledge - INFO - done ingest for /app/data/kaviademo4200/5555/b30548k/CRM-5555/src/main/resources/templates/admin/success.html
2025-10-14 07:17:14,456 - Knowledge - INFO - process ingested knowledge for /app/data/kaviademo4200/5555/b30548k/CRM-5555/src/main/resources/templates/admin/success.html
2025-10-14 07:17:14,456 - Knowledge - INFO - persist search terms embedding for src/main/resources/static/js/bootstrap.min.js
2025-10-14 07:17:14,655 - Knowledge - INFO - Found code-base-name: https://github.com/kavia-common/CRM-5555.git:kavia-master
2025-10-14 07:17:14,656 - Knowledge - INFO - worker kw10 pull /app/data/kaviademo4200/5555/b30548k/CRM-5555/doc/pl/coderslab/service/package-frame.html from ingest queue
2025-10-14 07:17:14,658 - Knowledge - INFO - Found code-base-name: https://github.com/kavia-common/CRM-5555.git:kavia-master
2025-10-14 07:17:14,661 - Knowledge - INFO - Found code-base-name: https://github.com/kavia-common/CRM-5555.git:kavia-master
2025-10-14 07:17:14,662 - Knowledge - INFO - worker kw23 pull /app/data/kaviademo4200/5555/b30548k/CRM-5555/doc/allclasses-frame.html from ingest queue
2025-10-14 07:17:14,664 - Knowledge - INFO - Found code-base-name: https://github.com/kavia-common/CRM-5555.git:kavia-master
2025-10-14 07:17:14,665 - Knowledge - INFO - worker kw13 pull /app/data/kaviademo4200/5555/b30548k/CRM-5555/doc/index-files/index-2.html from ingest queue
2025-10-14 07:17:14,665 - Knowledge - INFO - Found code-base-name: https://github.com/kavia-common/CRM-5555.git:kavia-master
2025-10-14 07:17:14,671 - Knowledge - INFO - Found code-base-name: https://github.com/kavia-common/CRM-5555.git:kavia-master
2025-10-14 07:17:14,779 - Knowledge - INFO - Found code_base: <app.utils.kg_build.knowledge.KnowledgeCodeBase object at 0x7f2391739010>
2025-10-14 07:17:14,873 - Knowledge - INFO - Thread kw10 - File package-frame.html - Remaining files in queue: 14
2025-10-14 07:17:14,965 - Knowledge - INFO - Found code_base: <app.utils.kg_build.knowledge.KnowledgeCodeBase object at 0x7f2391739010>
2025-10-14 07:17:15,052 - Knowledge - INFO - Found code_base: <app.utils.kg_build.knowledge.KnowledgeCodeBase object at 0x7f2391739010>
2025-10-14 07:17:15,175 - Knowledge - INFO - Thread kw23 - File allclasses-frame.html - Remaining files in queue: 14
2025-10-14 07:17:15,275 - Knowledge - INFO - Found code_base: <app.utils.kg_build.knowledge.KnowledgeCodeBase object at 0x7f2391739010>
2025-10-14 07:17:15,379 - Knowledge - INFO - Thread kw13 - File index-2.html - Remaining files in queue: 14
2025-10-14 07:17:15,486 - Knowledge - INFO - Found code_base: <app.utils.kg_build.knowledge.KnowledgeCodeBase object at 0x7f2391739010>
2025-10-14 07:17:15,599 - Knowledge - INFO - Found code_base: <app.utils.kg_build.knowledge.KnowledgeCodeBase object at 0x7f2391739010>
2025-10-14 07:17:15,700 - Knowledge - INFO - persist ingested knowledge for /app/data/kaviademo4200/5555/b30548k/CRM-5555/src/main/java/pl/coderslab/entity/Client.java
2025-10-14 07:17:15,797 - Knowledge - INFO - start ingest for /app/data/kaviademo4200/5555/b30548k/CRM-5555/doc/pl/coderslab/service/package-frame.html
2025-10-14 07:17:15,888 - Knowledge - INFO - persist ingested knowledge for /app/data/kaviademo4200/5555/b30548k/CRM-5555/src/main/resources/templates/admin/addUser.html
2025-10-14 07:17:15,999 - Knowledge - INFO - persist ingested knowledge for /app/data/kaviademo4200/5555/b30548k/CRM-5555/src/main/resources/templates/import/show.html
2025-10-14 07:17:16,109 - Knowledge - INFO - start ingest for /app/data/kaviademo4200/5555/b30548k/CRM-5555/doc/allclasses-frame.html
2025-10-14 07:17:16,230 - Knowledge - INFO - persist ingested knowledge for /app/data/kaviademo4200/5555/b30548k/CRM-5555/src/main/resources/templates/import/getFilename.html
2025-10-14 07:17:16,348 - Knowledge - INFO - start ingest for /app/data/kaviademo4200/5555/b30548k/CRM-5555/doc/index-files/index-2.html
2025-10-14 07:17:16,477 - Knowledge - INFO - persist ingested knowledge for /app/data/kaviademo4200/5555/b30548k/CRM-5555/src/main/resources/static/js/plugins/jquery.dataTables.min.js
2025-10-14 07:17:16,540 - Knowledge - INFO - done ingest for /app/data/kaviademo4200/5555/b30548k/CRM-5555/src/main/resources/static/js/plugins/bootstrap-datepicker.min.js
2025-10-14 07:17:16,612 - Knowledge - INFO - persist ingested knowledge for /app/data/kaviademo4200/5555/b30548k/CRM-5555/src/main/resources/templates/admin/success.html
2025-10-14 07:17:17,109 - Knowledge - INFO - persist search terms embedding for src/main/java/pl/coderslab/entity/Client.java
2025-10-14 07:17:17,627 - Knowledge - INFO - process ingested knowledge for /app/data/kaviademo4200/5555/b30548k/CRM-5555/src/main/resources/static/js/plugins/bootstrap-datepicker.min.js
2025-10-14 07:17:18,921 - Knowledge - INFO - persist search terms embedding for src/main/resources/static/js/plugins/jquery.dataTables.min.js
2025-10-14 07:17:19,219 - Knowledge - INFO - worker kw9 pull /app/data/kaviademo4200/5555/b30548k/CRM-5555/doc/constant-values.html from ingest queue
2025-10-14 07:17:19,233 - Knowledge - INFO - worker kw22 pull /app/data/kaviademo4200/5555/b30548k/CRM-5555/doc/index-files/index-1.html from ingest queue
2025-10-14 07:17:19,238 - Knowledge - INFO - worker kw2 pull /app/data/kaviademo4200/5555/b30548k/CRM-5555/doc/pl/coderslab/service/package-use.html from ingest queue
2025-10-14 07:17:19,243 - Knowledge - INFO - worker kw27 pull /app/data/kaviademo4200/5555/b30548k/CRM-5555/src/main/resources/templates/client/clientDetails.html from ingest queue
2025-10-14 07:17:19,250 - Knowledge - INFO - worker kw1 pull /app/data/kaviademo4200/5555/b30548k/CRM-5555/doc/stylesheet.css from ingest queue
2025-10-14 07:17:19,254 - Knowledge - INFO - Found code-base-name: https://github.com/kavia-common/CRM-5555.git:kavia-master
2025-10-14 07:17:19,259 - Knowledge - INFO - worker kw17 pull /app/data/kaviademo4200/5555/b30548k/CRM-5555/doc/pl/coderslab/service/class-use/NotificationService.html from ingest queue
2025-10-14 07:17:19,327 - Knowledge - INFO - Thread kw9 - File constant-values.html - Remaining files in queue: 8
2025-10-14 07:17:19,457 - Knowledge - INFO - Thread kw22 - File index-1.html - Remaining files in queue: 8
2025-10-14 07:17:19,577 - Knowledge - INFO - Thread kw2 - File package-use.html - Remaining files in queue: 8
2025-10-14 07:17:19,669 - Knowledge - INFO - Thread kw27 - File clientDetails.html - Remaining files in queue: 8
2025-10-14 07:17:19,752 - Knowledge - INFO - Thread kw1 - File stylesheet.css - Remaining files in queue: 8
2025-10-14 07:17:19,871 - Knowledge - INFO - Found code_base: <app.utils.kg_build.knowledge.KnowledgeCodeBase object at 0x7f2391739010>
2025-10-14 07:17:19,985 - Knowledge - INFO - Thread kw17 - File NotificationService.html - Remaining files in queue: 8
2025-10-14 07:17:20,125 - Knowledge - INFO - start ingest for /app/data/kaviademo4200/5555/b30548k/CRM-5555/doc/constant-values.html
2025-10-14 07:17:20,255 - Knowledge - INFO - done ingest for /app/data/kaviademo4200/5555/b30548k/CRM-5555/src/main/resources/templates/contract/result.html
2025-10-14 07:17:20,259 - Knowledge - INFO - start ingest for /app/data/kaviademo4200/5555/b30548k/CRM-5555/doc/index-files/index-1.html
2025-10-14 07:17:20,378 - Knowledge - INFO - start ingest for /app/data/kaviademo4200/5555/b30548k/CRM-5555/doc/pl/coderslab/service/package-use.html
2025-10-14 07:17:20,491 - Knowledge - INFO - start ingest for /app/data/kaviademo4200/5555/b30548k/CRM-5555/src/main/resources/templates/client/clientDetails.html
2025-10-14 07:17:20,583 - Knowledge - INFO - start ingest for /app/data/kaviademo4200/5555/b30548k/CRM-5555/doc/stylesheet.css
2025-10-14 07:17:20,685 - Knowledge - INFO - persist ingested knowledge for /app/data/kaviademo4200/5555/b30548k/CRM-5555/src/main/resources/static/js/plugins/bootstrap-datepicker.min.js
2025-10-14 07:17:20,783 - Knowledge - INFO - start ingest for /app/data/kaviademo4200/5555/b30548k/CRM-5555/doc/pl/coderslab/service/class-use/NotificationService.html
2025-10-14 07:17:21,049 - Knowledge - INFO - process ingested knowledge for /app/data/kaviademo4200/5555/b30548k/CRM-5555/src/main/resources/templates/contract/result.html
2025-10-14 07:17:21,316 - Knowledge - INFO - done ingest for /app/data/kaviademo4200/5555/b30548k/CRM-5555/src/main/resources/templates/client/editClient.html
2025-10-14 07:17:21,684 - Knowledge - INFO - done ingest for /app/data/kaviademo4200/5555/b30548k/CRM-5555/src/main/resources/templates/manager/search.html
2025-10-14 07:17:21,858 - Knowledge - INFO - process ingested knowledge for /app/data/kaviademo4200/5555/b30548k/CRM-5555/src/main/resources/templates/client/editClient.html
2025-10-14 07:17:21,968 - Knowledge - INFO - process ingested knowledge for /app/data/kaviademo4200/5555/b30548k/CRM-5555/src/main/resources/templates/manager/search.html
2025-10-14 07:17:22,009 - Knowledge - INFO - done ingest for /app/data/kaviademo4200/5555/b30548k/CRM-5555/src/main/resources/static/js/plugins/jquery-ui.custom.min.js
2025-10-14 07:17:22,116 - Knowledge - INFO - done ingest for /app/data/kaviademo4200/5555/b30548k/CRM-5555/src/main/resources/templates/client/addClient.html
2025-10-14 07:17:22,290 - Knowledge - INFO - persist search terms embedding for src/main/resources/static/js/plugins/bootstrap-datepicker.min.js
2025-10-14 07:17:22,349 - Knowledge - INFO - process ingested knowledge for /app/data/kaviademo4200/5555/b30548k/CRM-5555/src/main/resources/static/js/plugins/jquery-ui.custom.min.js
2025-10-14 07:17:22,405 - Knowledge - INFO - process ingested knowledge for /app/data/kaviademo4200/5555/b30548k/CRM-5555/src/main/resources/templates/client/addClient.html
2025-10-14 07:17:22,507 - Knowledge - INFO - Found code-base-name: https://github.com/kavia-common/CRM-5555.git:kavia-master
2025-10-14 07:17:22,508 - Knowledge - INFO - Found code-base-name: https://github.com/kavia-common/CRM-5555.git:kavia-master
2025-10-14 07:17:22,512 - Knowledge - INFO - Found code-base-name: https://github.com/kavia-common/CRM-5555.git:kavia-master
2025-10-14 07:17:22,513 - Knowledge - INFO - worker kw20 pull /app/data/kaviademo4200/5555/b30548k/CRM-5555/doc/overview-tree.html from ingest queue
2025-10-14 07:17:22,594 - Knowledge - INFO - Found code-base-name: https://github.com/kavia-common/CRM-5555.git:kavia-master
2025-10-14 07:17:22,605 - Knowledge - INFO - done ingest for /app/data/kaviademo4200/5555/b30548k/CRM-5555/src/main/resources/templates/manager/result.html
2025-10-14 07:17:22,714 - Knowledge - INFO - done ingest for /app/data/kaviademo4200/5555/b30548k/CRM-5555/src/main/resources/static/css/main.css
2025-10-14 07:17:22,715 - Knowledge - INFO - Found code-base-name: https://github.com/kavia-common/CRM-5555.git:kavia-master
2025-10-14 07:17:22,811 - Knowledge - INFO - Found code_base: <app.utils.kg_build.knowledge.KnowledgeCodeBase object at 0x7f2391739010>
2025-10-14 07:17:22,909 - Knowledge - INFO - Found code_base: <app.utils.kg_build.knowledge.KnowledgeCodeBase object at 0x7f2391739010>
2025-10-14 07:17:23,025 - Knowledge - INFO - Found code_base: <app.utils.kg_build.knowledge.KnowledgeCodeBase object at 0x7f2391739010>
2025-10-14 07:17:23,102 - Knowledge - INFO - Thread kw20 - File overview-tree.html - Remaining files in queue: 7
2025-10-14 07:17:23,215 - Knowledge - INFO - Found code_base: <app.utils.kg_build.knowledge.KnowledgeCodeBase object at 0x7f2391739010>
2025-10-14 07:17:23,267 - Knowledge - INFO - done ingest for /app/data/kaviademo4200/5555/b30548k/CRM-5555/doc/index-files/index-4.html
2025-10-14 07:17:23,320 - Knowledge - INFO - process ingested knowledge for /app/data/kaviademo4200/5555/b30548k/CRM-5555/src/main/resources/templates/manager/result.html
2025-10-14 07:17:23,432 - Knowledge - INFO - process ingested knowledge for /app/data/kaviademo4200/5555/b30548k/CRM-5555/src/main/resources/static/css/main.css
2025-10-14 07:17:23,572 - Knowledge - INFO - Found code_base: <app.utils.kg_build.knowledge.KnowledgeCodeBase object at 0x7f2391739010>
2025-10-14 07:17:23,663 - Knowledge - INFO - done ingest for /app/data/kaviademo4200/5555/b30548k/CRM-5555/src/main/resources/static/js/plugins/chart.js
2025-10-14 07:17:23,709 - Knowledge - INFO - persist ingested knowledge for /app/data/kaviademo4200/5555/b30548k/CRM-5555/src/main/resources/templates/contract/result.html
2025-10-14 07:17:23,835 - Knowledge - INFO - persist ingested knowledge for /app/data/kaviademo4200/5555/b30548k/CRM-5555/src/main/resources/templates/client/editClient.html
2025-10-14 07:17:23,981 - Knowledge - INFO - persist ingested knowledge for /app/data/kaviademo4200/5555/b30548k/CRM-5555/src/main/resources/templates/manager/search.html
2025-10-14 07:17:24,108 - Knowledge - INFO - start ingest for /app/data/kaviademo4200/5555/b30548k/CRM-5555/doc/overview-tree.html
2025-10-14 07:17:24,221 - Knowledge - INFO - persist ingested knowledge for /app/data/kaviademo4200/5555/b30548k/CRM-5555/src/main/resources/static/js/plugins/jquery-ui.custom.min.js
2025-10-14 07:17:24,364 - Knowledge - INFO - process ingested knowledge for /app/data/kaviademo4200/5555/b30548k/CRM-5555/doc/index-files/index-4.html
2025-10-14 07:17:24,459 - Knowledge - INFO - Found code-base-name: https://github.com/kavia-common/CRM-5555.git:kavia-master
2025-10-14 07:17:24,572 - Knowledge - INFO - Found code-base-name: https://github.com/kavia-common/CRM-5555.git:kavia-master
2025-10-14 07:17:24,576 - Knowledge - INFO - done ingest for /app/data/kaviademo4200/5555/b30548k/CRM-5555/doc/pl/coderslab/service/package-tree.html
2025-10-14 07:17:24,673 - Knowledge - INFO - persist ingested knowledge for /app/data/kaviademo4200/5555/b30548k/CRM-5555/src/main/resources/templates/client/addClient.html
2025-10-14 07:17:24,868 - Knowledge - INFO - process ingested knowledge for /app/data/kaviademo4200/5555/b30548k/CRM-5555/src/main/resources/static/js/plugins/chart.js
2025-10-14 07:17:25,189 - Knowledge - INFO - done ingest for /app/data/kaviademo4200/5555/b30548k/CRM-5555/doc/index-files/index-3.html
2025-10-14 07:17:25,257 - Knowledge - INFO - worker kw19 pull /app/data/kaviademo4200/5555/b30548k/CRM-5555/doc/allclasses-noframe.html from ingest queue
2025-10-14 07:17:25,425 - Knowledge - INFO - worker kw21 pull /app/data/kaviademo4200/5555/b30548k/CRM-5555/doc/help-doc.html from ingest queue
2025-10-14 07:17:25,613 - Knowledge - INFO - Found code_base: <app.utils.kg_build.knowledge.KnowledgeCodeBase object at 0x7f2391739010>
2025-10-14 07:17:25,720 - Knowledge - INFO - Found code_base: <app.utils.kg_build.knowledge.KnowledgeCodeBase object at 0x7f2391739010>
2025-10-14 07:17:25,847 - Knowledge - INFO - process ingested knowledge for /app/data/kaviademo4200/5555/b30548k/CRM-5555/doc/pl/coderslab/service/package-tree.html
2025-10-14 07:17:25,988 - Knowledge - INFO - persist search terms embedding for src/main/resources/static/js/plugins/jquery-ui.custom.min.js
2025-10-14 07:17:26,095 - Knowledge - INFO - done ingest for /app/data/kaviademo4200/5555/b30548k/CRM-5555/src/main/resources/templates/index.html
2025-10-14 07:17:26,160 - Knowledge - INFO - done ingest for /app/data/kaviademo4200/5555/b30548k/CRM-5555/src/main/resources/static/js/plugins/jquery.vmap.min.js
2025-10-14 07:17:26,237 - Knowledge - INFO - process ingested knowledge for /app/data/kaviademo4200/5555/b30548k/CRM-5555/doc/index-files/index-3.html
2025-10-14 07:17:26,373 - Knowledge - INFO - Thread kw19 - File allclasses-noframe.html - Remaining files in queue: 5
2025-10-14 07:17:26,489 - Knowledge - INFO - Thread kw21 - File help-doc.html - Remaining files in queue: 5
2025-10-14 07:17:26,601 - Knowledge - INFO - persist ingested knowledge for /app/data/kaviademo4200/5555/b30548k/CRM-5555/src/main/resources/templates/manager/result.html
2025-10-14 07:17:26,794 - Knowledge - INFO - persist ingested knowledge for /app/data/kaviademo4200/5555/b30548k/CRM-5555/src/main/resources/static/css/main.css
2025-10-14 07:17:26,800 - Knowledge - INFO - done ingest for /app/data/kaviademo4200/5555/b30548k/CRM-5555/doc/script.js
2025-10-14 07:17:26,807 - Knowledge - INFO - done ingest for /app/data/kaviademo4200/5555/b30548k/CRM-5555/src/main/resources/static/js/plugins/select2.min.js
2025-10-14 07:17:26,855 - Knowledge - INFO - done ingest for /app/data/kaviademo4200/5555/b30548k/CRM-5555/src/main/resources/templates/client/addSimilarClient.html
2025-10-14 07:17:26,999 - Knowledge - INFO - worker kw11 pull /app/data/kaviademo4200/5555/b30548k/CRM-5555/README.md from ingest queue
2025-10-14 07:17:27,004 - Knowledge - INFO - done ingest for /app/data/kaviademo4200/5555/b30548k/CRM-5555/doc/pl/coderslab/service/NotificationService.html
2025-10-14 07:17:27,130 - Knowledge - INFO - process ingested knowledge for /app/data/kaviademo4200/5555/b30548k/CRM-5555/src/main/resources/templates/index.html
2025-10-14 07:17:27,144 - Knowledge - INFO - Found code-base-name: https://github.com/kavia-common/CRM-5555.git:kavia-master
2025-10-14 07:17:27,148 - Knowledge - INFO - Found code-base-name: https://github.com/kavia-common/CRM-5555.git:kavia-master
2025-10-14 07:17:27,149 - Knowledge - INFO - Found code-base-name: https://github.com/kavia-common/CRM-5555.git:kavia-master
2025-10-14 07:17:27,150 - Knowledge - INFO - worker kw30 pull /app/data/kaviademo4200/5555/b30548k/CRM-5555/doc/pl/coderslab/service/package-summary.html from ingest queue
2025-10-14 07:17:27,151 - Knowledge - INFO - worker kw16 pull /app/data/kaviademo4200/5555/b30548k/CRM-5555/pom.xml from ingest queue
2025-10-14 07:17:27,228 - Knowledge - INFO - done ingest for /app/data/kaviademo4200/5555/b30548k/CRM-5555/src/main/resources/templates/client/success.html
2025-10-14 07:17:27,285 - Knowledge - INFO - process ingested knowledge for /app/data/kaviademo4200/5555/b30548k/CRM-5555/src/main/resources/static/js/plugins/jquery.vmap.min.js
2025-10-14 07:17:27,352 - Knowledge - INFO - Found code-base-name: https://github.com/kavia-common/CRM-5555.git:kavia-master
2025-10-14 07:17:27,444 - Knowledge - INFO - start ingest for /app/data/kaviademo4200/5555/b30548k/CRM-5555/doc/allclasses-noframe.html
2025-10-14 07:17:27,641 - Knowledge - INFO - start ingest for /app/data/kaviademo4200/5555/b30548k/CRM-5555/doc/help-doc.html
2025-10-14 07:17:28,102 - Knowledge - INFO - process ingested knowledge for /app/data/kaviademo4200/5555/b30548k/CRM-5555/doc/script.js
2025-10-14 07:17:28,267 - Knowledge - INFO - process ingested knowledge for /app/data/kaviademo4200/5555/b30548k/CRM-5555/src/main/resources/static/js/plugins/select2.min.js
2025-10-14 07:17:28,277 - Knowledge - INFO - process ingested knowledge for /app/data/kaviademo4200/5555/b30548k/CRM-5555/src/main/resources/templates/client/addSimilarClient.html
2025-10-14 07:17:28,415 - Knowledge - INFO - done ingest for /app/data/kaviademo4200/5555/b30548k/CRM-5555/src/main/resources/static/js/plugins/fullcalendar.min.js
2025-10-14 07:17:28,429 - Knowledge - INFO - Thread kw11 - File README.md - Remaining files in queue: 2
2025-10-14 07:17:28,568 - Knowledge - INFO - process ingested knowledge for /app/data/kaviademo4200/5555/b30548k/CRM-5555/doc/pl/coderslab/service/NotificationService.html
2025-10-14 07:17:30,424 - Knowledge - INFO - Found code-base-name: https://github.com/kavia-common/CRM-5555.git:kavia-master
2025-10-14 07:17:28,584 - Knowledge - INFO - worker kw7 pull /app/data/kaviademo4200/5555/b30548k/CRM-5555/doc/deprecated-list.html from ingest queue
2025-10-14 07:17:28,673 - Knowledge - INFO - Found code-base-name: https://github.com/kavia-common/CRM-5555.git:kavia-master
2025-10-14 07:17:28,805 - Knowledge - INFO - Found code_base: <app.utils.kg_build.knowledge.KnowledgeCodeBase object at 0x7f2391739010>
2025-10-14 07:17:28,930 - Knowledge - INFO - Found code_base: <app.utils.kg_build.knowledge.KnowledgeCodeBase object at 0x7f2391739010>
2025-10-14 07:17:29,017 - Knowledge - INFO - Found code_base: <app.utils.kg_build.knowledge.KnowledgeCodeBase object at 0x7f2391739010>
2025-10-14 07:17:29,193 - Knowledge - INFO - done ingest for /app/data/kaviademo4200/5555/b30548k/CRM-5555/src/main/resources/static/js/popper.min.js
2025-10-14 07:17:29,194 - Knowledge - INFO - Thread kw30 - File package-summary.html - Remaining files in queue: 0
2025-10-14 07:17:29,289 - Knowledge - INFO - Thread kw16 - File pom.xml - Remaining files in queue: 0
2025-10-14 07:17:29,414 - Knowledge - INFO - process ingested knowledge for /app/data/kaviademo4200/5555/b30548k/CRM-5555/src/main/resources/templates/client/success.html
2025-10-14 07:17:29,472 - Knowledge - INFO - done ingest for /app/data/kaviademo4200/5555/b30548k/CRM-5555/doc/pl/coderslab/service/package-frame.html
2025-10-14 07:17:29,502 - Knowledge - INFO - Found code-base-name: https://github.com/kavia-common/CRM-5555.git:kavia-master
2025-10-14 07:17:29,604 - Knowledge - INFO - Found code_base: <app.utils.kg_build.knowledge.KnowledgeCodeBase object at 0x7f2391739010>
2025-10-14 07:17:29,782 - Knowledge - INFO - done ingest for /app/data/kaviademo4200/5555/b30548k/CRM-5555/doc/allclasses-frame.html
2025-10-14 07:17:29,942 - Knowledge - INFO - Found code-base-name: https://github.com/kavia-common/CRM-5555.git:kavia-master
2025-10-14 07:17:30,051 - Knowledge - INFO - Found code-base-name: https://github.com/kavia-common/CRM-5555.git:kavia-master
2025-10-14 07:17:30,130 - Knowledge - INFO - Found code-base-name: https://github.com/kavia-common/CRM-5555.git:kavia-master
2025-10-14 07:17:30,214 - Knowledge - INFO - done ingest for /app/data/kaviademo4200/5555/b30548k/CRM-5555/doc/index-files/index-2.html
2025-10-14 07:17:30,243 - Knowledge - INFO - process ingested knowledge for /app/data/kaviademo4200/5555/b30548k/CRM-5555/src/main/resources/static/js/plugins/fullcalendar.min.js
2025-10-14 07:17:30,342 - Knowledge - INFO - start ingest for /app/data/kaviademo4200/5555/b30548k/CRM-5555/README.md
2025-10-14 07:17:28,584 - Knowledge - INFO - worker kw14 pull /app/data/kaviademo4200/5555/b30548k/CRM-5555/doc/index.html from ingest queue
2025-10-14 07:17:30,497 - Knowledge - INFO - Found code_base: <app.utils.kg_build.knowledge.KnowledgeCodeBase object at 0x7f2391739010>
2025-10-14 07:17:30,617 - Knowledge - INFO - Thread kw7 - File deprecated-list.html - Remaining files in queue: 0
2025-10-14 07:17:30,731 - Knowledge - INFO - Found code_base: <app.utils.kg_build.knowledge.KnowledgeCodeBase object at 0x7f2391739010>
2025-10-14 07:17:30,851 - Knowledge - INFO - persist ingested knowledge for /app/data/kaviademo4200/5555/b30548k/CRM-5555/src/main/resources/static/js/plugins/chart.js
2025-10-14 07:17:30,932 - Knowledge - INFO - persist ingested knowledge for /app/data/kaviademo4200/5555/b30548k/CRM-5555/doc/pl/coderslab/service/package-tree.html
2025-10-14 07:17:31,011 - Knowledge - INFO - persist ingested knowledge for /app/data/kaviademo4200/5555/b30548k/CRM-5555/doc/index-files/index-4.html
2025-10-14 07:17:31,147 - Knowledge - INFO - process ingested knowledge for /app/data/kaviademo4200/5555/b30548k/CRM-5555/src/main/resources/static/js/popper.min.js
2025-10-14 07:17:31,233 - Knowledge - INFO - start ingest for /app/data/kaviademo4200/5555/b30548k/CRM-5555/doc/pl/coderslab/service/package-summary.html
2025-10-14 07:17:31,336 - Knowledge - INFO - start ingest for /app/data/kaviademo4200/5555/b30548k/CRM-5555/pom.xml
2025-10-14 07:17:31,429 - Knowledge - INFO - Found code-base-name: https://github.com/kavia-common/CRM-5555.git:kavia-master
2025-10-14 07:17:31,511 - Knowledge - INFO - done ingest for /app/data/kaviademo4200/5555/b30548k/CRM-5555/doc/index-files/index-1.html
2025-10-14 07:17:31,517 - Knowledge - INFO - process ingested knowledge for /app/data/kaviademo4200/5555/b30548k/CRM-5555/doc/pl/coderslab/service/package-frame.html
2025-10-14 07:17:31,629 - Knowledge - INFO - Found code_base: <app.utils.kg_build.knowledge.KnowledgeCodeBase object at 0x7f2391739010>
2025-10-14 07:17:31,720 - Knowledge - INFO - persist ingested knowledge for /app/data/kaviademo4200/5555/b30548k/CRM-5555/doc/index-files/index-3.html
2025-10-14 07:17:31,812 - Knowledge - INFO - process ingested knowledge for /app/data/kaviademo4200/5555/b30548k/CRM-5555/doc/allclasses-frame.html
2025-10-14 07:17:31,894 - Knowledge - INFO - Found code_base: <app.utils.kg_build.knowledge.KnowledgeCodeBase object at 0x7f2391739010>
2025-10-14 07:17:34,142 - Knowledge - INFO - persist ingested knowledge for /app/data/kaviademo4200/5555/b30548k/CRM-5555/doc/script.js
2025-10-14 07:17:32,053 - Knowledge - INFO - Found code_base: <app.utils.kg_build.knowledge.KnowledgeCodeBase object at 0x7f2391739010>
2025-10-14 07:17:32,090 - Knowledge - INFO - done ingest for /app/data/kaviademo4200/5555/b30548k/CRM-5555/doc/pl/coderslab/service/class-use/NotificationService.html
2025-10-14 07:17:32,185 - Knowledge - INFO - process ingested knowledge for /app/data/kaviademo4200/5555/b30548k/CRM-5555/doc/index-files/index-2.html
2025-10-14 07:17:32,230 - Knowledge - INFO - done ingest for /app/data/kaviademo4200/5555/b30548k/CRM-5555/src/main/resources/templates/client/clientDetails.html
2025-10-14 07:17:32,279 - Knowledge - INFO - Found code-base-name: https://github.com/kavia-common/CRM-5555.git:kavia-master
2025-10-14 07:17:32,424 - Knowledge - INFO - Fast-track processing for simple file: /app/data/kaviademo4200/5555/b30548k/CRM-5555/README.md
2025-10-14 07:17:32,449 - Knowledge - INFO - done ingest for /app/data/kaviademo4200/5555/b30548k/CRM-5555/doc/stylesheet.css
2025-10-14 07:17:32,507 - Knowledge - INFO - Thread kw14 - File index.html - Remaining files in queue: 0
2025-10-14 07:17:32,618 - Knowledge - INFO - persist ingested knowledge for /app/data/kaviademo4200/5555/b30548k/CRM-5555/doc/pl/coderslab/service/NotificationService.html
2025-10-14 07:17:32,704 - Knowledge - INFO - start ingest for /app/data/kaviademo4200/5555/b30548k/CRM-5555/doc/deprecated-list.html
2025-10-14 07:17:32,805 - Knowledge - INFO - persist ingested knowledge for /app/data/kaviademo4200/5555/b30548k/CRM-5555/src/main/resources/templates/index.html
2025-10-14 07:17:33,242 - Knowledge - INFO - persist search terms embedding for src/main/resources/static/js/plugins/chart.js
2025-10-14 07:17:33,339 - Knowledge - INFO - done ingest for /app/data/kaviademo4200/5555/b30548k/CRM-5555/doc/pl/coderslab/service/package-use.html
2025-10-14 07:17:33,386 - Knowledge - INFO - Fast-track processing for simple file: /app/data/kaviademo4200/5555/b30548k/CRM-5555/pom.xml
2025-10-14 07:17:33,458 - Knowledge - INFO - done ingest for /app/data/kaviademo4200/5555/b30548k/CRM-5555/doc/constant-values.html
2025-10-14 07:17:33,511 - Knowledge - INFO - Found code_base: <app.utils.kg_build.knowledge.KnowledgeCodeBase object at 0x7f2391739010>
2025-10-14 07:17:33,604 - Knowledge - INFO - process ingested knowledge for /app/data/kaviademo4200/5555/b30548k/CRM-5555/doc/index-files/index-1.html
2025-10-14 07:17:33,695 - Knowledge - INFO - done ingest for /app/data/kaviademo4200/5555/b30548k/CRM-5555/doc/overview-tree.html
2025-10-14 07:17:33,830 - Knowledge - INFO - persist ingested knowledge for /app/data/kaviademo4200/5555/b30548k/CRM-5555/src/main/resources/static/js/plugins/jquery.vmap.min.js
2025-10-14 07:17:31,975 - Knowledge - INFO - Found code_base: <app.utils.kg_build.knowledge.KnowledgeCodeBase object at 0x7f2391739010>
2025-10-14 07:17:34,384 - Knowledge - INFO - persist ingested knowledge for /app/data/kaviademo4200/5555/b30548k/CRM-5555/src/main/resources/templates/client/addSimilarClient.html
2025-10-14 07:17:34,468 - Knowledge - INFO - process ingested knowledge for /app/data/kaviademo4200/5555/b30548k/CRM-5555/doc/pl/coderslab/service/class-use/NotificationService.html
2025-10-14 07:17:34,663 - Knowledge - INFO - process ingested knowledge for /app/data/kaviademo4200/5555/b30548k/CRM-5555/src/main/resources/templates/client/clientDetails.html
2025-10-14 07:17:34,691 - Knowledge - INFO - done ingest for /app/data/kaviademo4200/5555/b30548k/CRM-5555/doc/allclasses-noframe.html
2025-10-14 07:17:34,744 - Knowledge - INFO - Found code_base: <app.utils.kg_build.knowledge.KnowledgeCodeBase object at 0x7f2391739010>
2025-10-14 07:17:34,839 - Knowledge - INFO - done fast ingest for /app/data/kaviademo4200/5555/b30548k/CRM-5555/README.md
2025-10-14 07:17:34,966 - Knowledge - INFO - process ingested knowledge for /app/data/kaviademo4200/5555/b30548k/CRM-5555/doc/stylesheet.css
2025-10-14 07:17:35,042 - Knowledge - INFO - start ingest for /app/data/kaviademo4200/5555/b30548k/CRM-5555/doc/index.html
2025-10-14 07:17:35,059 - Knowledge - INFO - done ingest for /app/data/kaviademo4200/5555/b30548k/CRM-5555/doc/help-doc.html
2025-10-14 07:17:35,578 - Knowledge - INFO - process ingested knowledge for /app/data/kaviademo4200/5555/b30548k/CRM-5555/doc/pl/coderslab/service/package-use.html
2025-10-14 07:17:35,671 - Knowledge - INFO - done fast ingest for /app/data/kaviademo4200/5555/b30548k/CRM-5555/pom.xml
2025-10-14 07:17:35,678 - Knowledge - INFO - Found code-base-name: https://github.com/kavia-common/CRM-5555.git:kavia-master
2025-10-14 07:17:35,678 - Knowledge - INFO - Found code-base-name: https://github.com/kavia-common/CRM-5555.git:kavia-master
2025-10-14 07:17:35,767 - Knowledge - INFO - process ingested knowledge for /app/data/kaviademo4200/5555/b30548k/CRM-5555/doc/constant-values.html
2025-10-14 07:17:35,770 - Knowledge - INFO - Found code-base-name: https://github.com/kavia-common/CRM-5555.git:kavia-master
2025-10-14 07:17:35,871 - Knowledge - INFO - persist ingested knowledge for /app/data/kaviademo4200/5555/b30548k/CRM-5555/src/main/resources/templates/client/success.html
2025-10-14 07:17:35,955 - Knowledge - INFO - done ingest for /app/data/kaviademo4200/5555/b30548k/CRM-5555/doc/pl/coderslab/service/package-summary.html
2025-10-14 07:17:36,066 - Knowledge - INFO - process ingested knowledge for /app/data/kaviademo4200/5555/b30548k/CRM-5555/doc/overview-tree.html
2025-10-14 07:17:36,206 - Knowledge - INFO - persist search terms embedding for doc/script.js
2025-10-14 07:17:36,290 - Knowledge - INFO - persist ingested knowledge for /app/data/kaviademo4200/5555/b30548k/CRM-5555/src/main/resources/static/js/plugins/select2.min.js
2025-10-14 07:17:36,653 - Knowledge - INFO - process ingested knowledge for /app/data/kaviademo4200/5555/b30548k/CRM-5555/doc/allclasses-noframe.html
2025-10-14 07:17:36,734 - Knowledge - INFO - persist ingested knowledge for /app/data/kaviademo4200/5555/b30548k/CRM-5555/src/main/resources/static/js/plugins/fullcalendar.min.js
2025-10-14 07:17:36,820 - Knowledge - INFO - process ingested knowledge for /app/data/kaviademo4200/5555/b30548k/CRM-5555/README.md
2025-10-14 07:17:36,992 - Knowledge - INFO - done ingest for /app/data/kaviademo4200/5555/b30548k/CRM-5555/doc/deprecated-list.html
2025-10-14 07:17:37,147 - Knowledge - INFO - process ingested knowledge for /app/data/kaviademo4200/5555/b30548k/CRM-5555/doc/help-doc.html
2025-10-14 07:17:37,306 - Knowledge - INFO - process ingested knowledge for /app/data/kaviademo4200/5555/b30548k/CRM-5555/pom.xml
2025-10-14 07:17:37,392 - Knowledge - INFO - Found code_base: <app.utils.kg_build.knowledge.KnowledgeCodeBase object at 0x7f2391739010>
2025-10-14 07:17:37,502 - Knowledge - INFO - Found code_base: <app.utils.kg_build.knowledge.KnowledgeCodeBase object at 0x7f2391739010>
2025-10-14 07:17:37,684 - Knowledge - INFO - Found code_base: <app.utils.kg_build.knowledge.KnowledgeCodeBase object at 0x7f2391739010>
2025-10-14 07:17:37,866 - Knowledge - INFO - process ingested knowledge for /app/data/kaviademo4200/5555/b30548k/CRM-5555/doc/pl/coderslab/service/package-summary.html
2025-10-14 07:17:38,057 - Knowledge - INFO - Found code-base-name: https://github.com/kavia-common/CRM-5555.git:kavia-master
2025-10-14 07:17:38,518 - Knowledge - INFO - persist search terms embedding for src/main/resources/templates/index.html
2025-10-14 07:17:38,579 - Knowledge - INFO - process ingested knowledge for /app/data/kaviademo4200/5555/b30548k/CRM-5555/doc/deprecated-list.html
2025-10-14 07:17:38,636 - Knowledge - INFO - done ingest for /app/data/kaviademo4200/5555/b30548k/CRM-5555/doc/index.html
2025-10-14 07:17:38,852 - Knowledge - INFO - persist ingested knowledge for /app/data/kaviademo4200/5555/b30548k/CRM-5555/src/main/resources/static/js/popper.min.js
2025-10-14 07:17:38,960 - Knowledge - INFO - persist ingested knowledge for /app/data/kaviademo4200/5555/b30548k/CRM-5555/doc/pl/coderslab/service/package-frame.html
2025-10-14 07:17:39,050 - Knowledge - INFO - persist ingested knowledge for /app/data/kaviademo4200/5555/b30548k/CRM-5555/doc/allclasses-frame.html
2025-10-14 07:17:39,212 - Knowledge - INFO - Found code_base: <app.utils.kg_build.knowledge.KnowledgeCodeBase object at 0x7f2391739010>
2025-10-14 07:17:39,500 - Knowledge - INFO - process ingested knowledge for /app/data/kaviademo4200/5555/b30548k/CRM-5555/doc/index.html
2025-10-14 07:17:39,714 - Knowledge - INFO - persist search terms embedding for src/main/resources/static/js/plugins/jquery.vmap.min.js
2025-10-14 07:17:39,895 - Knowledge - INFO - persist ingested knowledge for /app/data/kaviademo4200/5555/b30548k/CRM-5555/doc/index-files/index-2.html
2025-10-14 07:17:40,107 - Knowledge - INFO - Found code-base-name: https://github.com/kavia-common/CRM-5555.git:kavia-master
2025-10-14 07:17:40,107 - Knowledge - INFO - Found code-base-name: https://github.com/kavia-common/CRM-5555.git:kavia-master
2025-10-14 07:17:40,108 - Knowledge - INFO - Found code-base-name: https://github.com/kavia-common/CRM-5555.git:kavia-master
2025-10-14 07:17:40,108 - Knowledge - INFO - Found code-base-name: https://github.com/kavia-common/CRM-5555.git:kavia-master
2025-10-14 07:17:40,109 - Knowledge - INFO - Found code-base-name: https://github.com/kavia-common/CRM-5555.git:kavia-master
2025-10-14 07:17:40,184 - Knowledge - INFO - Found code-base-name: https://github.com/kavia-common/CRM-5555.git:kavia-master
2025-10-14 07:17:40,184 - Knowledge - INFO - Found code-base-name: https://github.com/kavia-common/CRM-5555.git:kavia-master
2025-10-14 07:17:40,184 - Knowledge - INFO - Found code-base-name: https://github.com/kavia-common/CRM-5555.git:kavia-master
2025-10-14 07:17:40,184 - Knowledge - INFO - Found code-base-name: https://github.com/kavia-common/CRM-5555.git:kavia-master
2025-10-14 07:17:40,184 - Knowledge - INFO - Found code-base-name: https://github.com/kavia-common/CRM-5555.git:kavia-master
2025-10-14 07:17:40,258 - Knowledge - INFO - Found code-base-name: https://github.com/kavia-common/CRM-5555.git:kavia-master
2025-10-14 07:17:40,280 - Knowledge - INFO - Found code_base: <app.utils.kg_build.knowledge.KnowledgeCodeBase object at 0x7f2391739010>
2025-10-14 07:17:40,359 - Knowledge - INFO - Found code_base: <app.utils.kg_build.knowledge.KnowledgeCodeBase object at 0x7f2391739010>
2025-10-14 07:17:40,471 - Knowledge - INFO - Found code_base: <app.utils.kg_build.knowledge.KnowledgeCodeBase object at 0x7f2391739010>
2025-10-14 07:17:40,573 - Knowledge - INFO - Found code_base: <app.utils.kg_build.knowledge.KnowledgeCodeBase object at 0x7f2391739010>
2025-10-14 07:17:40,605 - Knowledge - INFO - persist search terms embedding for src/main/resources/static/js/popper.min.js
2025-10-14 07:17:40,685 - Knowledge - INFO - Found code_base: <app.utils.kg_build.knowledge.KnowledgeCodeBase object at 0x7f2391739010>
2025-10-14 07:17:41,799 - Knowledge - INFO - persist ingested knowledge for /app/data/kaviademo4200/5555/b30548k/CRM-5555/doc/constant-values.html
2025-10-14 07:17:40,877 - Knowledge - INFO - Found code_base: <app.utils.kg_build.knowledge.KnowledgeCodeBase object at 0x7f2391739010>
2025-10-14 07:17:40,970 - Knowledge - INFO - Found code_base: <app.utils.kg_build.knowledge.KnowledgeCodeBase object at 0x7f2391739010>
2025-10-14 07:17:41,088 - Knowledge - INFO - Found code_base: <app.utils.kg_build.knowledge.KnowledgeCodeBase object at 0x7f2391739010>
2025-10-14 07:17:41,170 - Knowledge - INFO - Found code_base: <app.utils.kg_build.knowledge.KnowledgeCodeBase object at 0x7f2391739010>
2025-10-14 07:17:41,251 - Knowledge - INFO - Found code_base: <app.utils.kg_build.knowledge.KnowledgeCodeBase object at 0x7f2391739010>
2025-10-14 07:17:41,334 - Knowledge - INFO - persist ingested knowledge for /app/data/kaviademo4200/5555/b30548k/CRM-5555/doc/pl/coderslab/service/class-use/NotificationService.html
2025-10-14 07:17:41,412 - Knowledge - INFO - persist ingested knowledge for /app/data/kaviademo4200/5555/b30548k/CRM-5555/src/main/resources/templates/client/clientDetails.html
2025-10-14 07:17:41,495 - Knowledge - INFO - persist ingested knowledge for /app/data/kaviademo4200/5555/b30548k/CRM-5555/doc/stylesheet.css
2025-10-14 07:17:41,594 - Knowledge - INFO - persist ingested knowledge for /app/data/kaviademo4200/5555/b30548k/CRM-5555/doc/pl/coderslab/service/package-use.html
2025-10-14 07:17:40,777 - Knowledge - INFO - Found code_base: <app.utils.kg_build.knowledge.KnowledgeCodeBase object at 0x7f2391739010>
2025-10-14 07:17:41,832 - Knowledge - INFO - Found code-base-name: https://github.com/kavia-common/CRM-5555.git:kavia-master
2025-10-14 07:17:41,979 - Knowledge - INFO - persist ingested knowledge for /app/data/kaviademo4200/5555/b30548k/CRM-5555/doc/allclasses-noframe.html
2025-10-14 07:17:42,072 - Knowledge - INFO - persist ingested knowledge for /app/data/kaviademo4200/5555/b30548k/CRM-5555/doc/help-doc.html
2025-10-14 07:17:42,162 - Knowledge - INFO - persist ingested knowledge for /app/data/kaviademo4200/5555/b30548k/CRM-5555/pom.xml
2025-10-14 07:17:42,232 - Knowledge - INFO - persist ingested knowledge for /app/data/kaviademo4200/5555/b30548k/CRM-5555/doc/pl/coderslab/service/package-summary.html
2025-10-14 07:17:42,261 - Knowledge - INFO - persist search terms embedding for src/main/resources/static/js/plugins/select2.min.js
2025-10-14 07:17:42,353 - Knowledge - INFO - persist ingested knowledge for /app/data/kaviademo4200/5555/b30548k/CRM-5555/doc/deprecated-list.html
2025-10-14 07:17:42,819 - Knowledge - INFO - persist ingested knowledge for /app/data/kaviademo4200/5555/b30548k/CRM-5555/doc/overview-tree.html
2025-10-14 07:17:42,931 - Knowledge - INFO - Found code_base: <app.utils.kg_build.knowledge.KnowledgeCodeBase object at 0x7f2391739010>
2025-10-14 07:17:43,660 - Knowledge - INFO - persist ingested knowledge for /app/data/kaviademo4200/5555/b30548k/CRM-5555/doc/index.html
2025-10-14 07:17:43,930 - Knowledge - INFO - Found code-base-name: https://github.com/kavia-common/CRM-5555.git:kavia-master
2025-10-14 07:17:44,046 - Knowledge - INFO - Found code_base: <app.utils.kg_build.knowledge.KnowledgeCodeBase object at 0x7f2391739010>
2025-10-14 07:17:44,146 - Knowledge - INFO - persist ingested knowledge for /app/data/kaviademo4200/5555/b30548k/CRM-5555/README.md
2025-10-14 07:17:44,292 - Knowledge - INFO - persist search terms embedding for src/main/resources/static/js/plugins/fullcalendar.min.js
2025-10-14 07:17:44,639 - Knowledge - INFO - Found code-base-name: https://github.com/kavia-common/CRM-5555.git:kavia-master
2025-10-14 07:17:44,735 - Knowledge - INFO - Found code_base: <app.utils.kg_build.knowledge.KnowledgeCodeBase object at 0x7f2391739010>
2025-10-14 07:17:44,856 - Knowledge - INFO - persist ingested knowledge for /app/data/kaviademo4200/5555/b30548k/CRM-5555/doc/index-files/index-1.html
2025-10-14 07:17:45,016 - Knowledge - INFO - Knowledge creation complete
2025-10-14 07:17:45,091 - Knowledge - INFO - Updating org costs, total cost: 0.10174960000000004
2025-10-14 07:17:45,949 - Knowledge - INFO - Saving knowledge to Redis...
2025-10-14 07:17:46,102 - Knowledge - INFO - Knowledge saved to Redis successfully
